work_order_id,product_id,customer_order_id,planned_qty,priority,due_date
WO-1001,PR3,CO-5001,1164,Medium,2024-03-29
WO-1002,PR2,CO-5002,1909,Medium,2024-05-26
WO-1003,PR3,CO-5003,905,High,2025-04-10
WO-1004,PR2,CO-5004,69,High,2025-03-28
WO-1005,PR2,CO-5005,1130,High,2024-06-14
WO-1006,PR4,CO-5006,281,Medium,2025-01-03
WO-1007,PR5,CO-5007,1467,Low,2025-02-04
WO-1008,PR2,CO-5008,1248,Medium,2024-02-29
WO-1009,PR5,CO-5009,122,Medium,2024-05-09
WO-1010,PR4,CO-5010,654,Low,2024-07-22
WO-1011,PR2,CO-5011,668,Low,2025-06-11
WO-1012,PR2,CO-5012,1262,Medium,2024-06-08
WO-1013,PR3,CO-5013,1875,High,2025-06-27
WO-1014,PR1,CO-5014,632,Low,2024-01-25
WO-1015,PR6,CO-5015,1788,Low,2024-03-24
WO-1016,PR2,CO-5016,485,Medium,2025-05-03
WO-1017,PR4,CO-5017,666,Low,2024-09-14
WO-1018,PR1,CO-5018,849,High,2024-12-28
WO-1019,PR4,CO-5019,1506,Medium,2025-02-07
WO-1020,PR2,CO-5020,1898,High,2025-05-28
WO-1021,PR2,CO-5021,1670,High,2024-02-07
WO-1022,PR3,CO-5022,766,Low,2024-04-08
WO-1023,PR1,CO-5023,433,Medium,2024-01-25
WO-1024,PR6,CO-5024,674,Medium,2025-03-02
WO-1025,PR4,CO-5025,330,High,2024-08-25
WO-1026,PR3,CO-5026,594,Medium,2024-05-05
WO-1027,PR1,CO-5027,287,Medium,2025-06-15
WO-1028,PR4,CO-5028,1544,High,2025-01-15
WO-1029,PR1,CO-5029,1618,Low,2025-04-18
WO-1030,PR3,CO-5030,1660,High,2025-02-08
WO-1031,PR5,CO-5031,1858,Medium,2024-11-06
WO-1032,PR5,CO-5032,307,Medium,2024-06-13
WO-1033,PR4,CO-5033,1913,Medium,2024-06-20
WO-1034,PR1,CO-5034,1023,Medium,2025-05-21
WO-1035,PR2,CO-5035,1286,High,2024-03-22
WO-1036,PR2,CO-5036,1510,Low,2024-03-17
WO-1037,PR6,CO-5037,1212,Low,2024-03-31
WO-1038,PR6,CO-5038,892,Low,2025-03-16
WO-1039,PR6,CO-5039,84,High,2025-04-09
WO-1040,PR5,CO-5040,538,Medium,2025-03-30
WO-1041,PR1,CO-5041,1085,Medium,2024-07-02
WO-1042,PR1,CO-5042,1519,Medium,2025-04-20
WO-1043,PR6,CO-5043,779,Medium,2024-03-06
WO-1044,PR2,CO-5044,1927,Medium,2024-12-23
WO-1045,PR1,CO-5045,533,Medium,2024-10-17
WO-1046,PR2,CO-5046,1689,High,2025-02-12
WO-1047,PR3,CO-5047,179,Medium,2025-04-28
WO-1048,PR3,CO-5048,424,Medium,2024-03-21
WO-1049,PR6,CO-5049,330,Low,2025-05-21
WO-1050,PR4,CO-5050,353,High,2024-03-31
WO-1051,PR6,CO-5051,275,High,2024-09-06
WO-1052,PR4,CO-5052,429,High,2024-01-31
WO-1053,PR3,CO-5053,1202,Medium,2024-08-23
WO-1054,PR3,CO-5054,1665,Medium,2024-08-03
WO-1055,PR3,CO-5055,1756,Low,2025-02-07
WO-1056,PR3,CO-5056,1011,Medium,2024-01-24
WO-1057,PR3,CO-5057,536,Medium,2024-05-04
WO-1058,PR3,CO-5058,600,Medium,2024-08-16
WO-1059,PR4,CO-5059,1071,High,2025-05-22
WO-1060,PR3,CO-5060,258,Low,2025-04-01
WO-1061,PR6,CO-5061,243,Low,2025-01-12
WO-1062,PR5,CO-5062,517,Low,2025-05-09
WO-1063,PR5,CO-5063,1569,Medium,2024-11-13
WO-1064,PR6,CO-5064,1491,Medium,2025-03-02
WO-1065,PR6,CO-5065,1052,Low,2024-06-26
WO-1066,PR6,CO-5066,1579,Medium,2024-09-10
WO-1067,PR5,CO-5067,569,High,2024-05-16
WO-1068,PR4,CO-5068,371,Medium,2024-09-18
WO-1069,PR2,CO-5069,766,Medium,2024-07-04
WO-1070,PR2,CO-5070,896,Medium,2024-06-28
WO-1071,PR3,CO-5071,628,Low,2024-05-09
WO-1072,PR4,CO-5072,1715,Medium,2025-05-17
WO-1073,PR3,CO-5073,1094,Low,2024-09-09
WO-1074,PR5,CO-5074,444,Medium,2024-12-23
WO-1075,PR1,CO-5075,1284,Medium,2025-02-23
WO-1076,PR6,CO-5076,118,Medium,2025-02-06
WO-1077,PR5,CO-5077,1728,High,2024-10-02
WO-1078,PR6,CO-5078,1290,Low,2024-12-02
WO-1079,PR1,CO-5079,214,Low,2024-11-14
WO-1080,PR2,CO-5080,1921,Low,2024-03-16
WO-1081,PR5,CO-5081,1207,Low,2024-08-10
WO-1082,PR4,CO-5082,1866,Medium,2025-03-11
WO-1083,PR1,CO-5083,1200,High,2025-01-30
WO-1084,PR3,CO-5084,377,Medium,2024-12-03
WO-1085,PR1,CO-5085,1166,Medium,2024-01-05
WO-1086,PR1,CO-5086,1469,Low,2024-10-13
WO-1087,PR1,CO-5087,1009,Medium,2024-10-10
WO-1088,PR3,CO-5088,1697,High,2025-05-25
WO-1089,PR6,CO-5089,221,Medium,2025-01-30
WO-1090,PR6,CO-5090,1847,Medium,2024-08-17
WO-1091,PR2,CO-5091,700,Low,2025-02-04
WO-1092,PR3,CO-5092,1287,Medium,2025-02-21
WO-1093,PR1,CO-5093,663,High,2024-10-18
WO-1094,PR2,CO-5094,218,Medium,2024-03-21
WO-1095,PR1,CO-5095,797,Low,2025-02-08
WO-1096,PR2,CO-5096,1900,Low,2024-10-30
WO-1097,PR5,CO-5097,984,Medium,2024-12-01
WO-1098,PR5,CO-5098,59,Low,2025-06-24
WO-1099,PR3,CO-5099,281,Low,2024-08-20
WO-1100,PR1,CO-5100,289,Medium,2024-12-15
WO-1101,PR5,CO-5101,1387,High,2024-01-18
WO-1102,PR5,CO-5102,1459,Medium,2024-09-05
WO-1103,PR2,CO-5103,944,Medium,2025-06-14
WO-1104,PR3,CO-5104,1055,Low,2024-06-14
WO-1105,PR5,CO-5105,265,Low,2024-10-25
WO-1106,PR1,CO-5106,1384,Low,2025-04-26
WO-1107,PR2,CO-5107,257,Low,2024-01-24
WO-1108,PR3,CO-5108,316,High,2024-12-30
WO-1109,PR1,CO-5109,1799,High,2025-01-08
WO-1110,PR3,CO-5110,933,Low,2024-05-11
WO-1111,PR5,CO-5111,436,Low,2025-03-18
WO-1112,PR4,CO-5112,1823,High,2024-12-25
WO-1113,PR5,CO-5113,150,Medium,2024-03-26
WO-1114,PR6,CO-5114,1928,Low,2025-03-15
WO-1115,PR6,CO-5115,161,Low,2024-05-14
WO-1116,PR2,CO-5116,284,Medium,2025-05-23
WO-1117,PR6,CO-5117,1684,High,2025-03-25
WO-1118,PR3,CO-5118,271,Medium,2024-04-20
WO-1119,PR2,CO-5119,1503,Medium,2024-10-22
WO-1120,PR1,CO-5120,925,Low,2025-04-11
WO-1121,PR4,CO-5121,426,Medium,2024-01-30
WO-1122,PR3,CO-5122,1068,Medium,2025-01-24
WO-1123,PR3,CO-5123,156,Medium,2024-10-06
WO-1124,PR4,CO-5124,477,Low,2024-01-24
WO-1125,PR3,CO-5125,387,High,2024-08-13
WO-1126,PR5,CO-5126,783,Medium,2024-04-10
WO-1127,PR6,CO-5127,1578,Medium,2024-10-24
WO-1128,PR5,CO-5128,920,Low,2024-11-09
WO-1129,PR5,CO-5129,637,Medium,2024-10-23
WO-1130,PR5,CO-5130,552,Low,2025-01-18
WO-1131,PR5,CO-5131,339,Medium,2024-03-27
WO-1132,PR1,CO-5132,1831,High,2024-08-09
WO-1133,PR3,CO-5133,311,Medium,2025-06-17
WO-1134,PR5,CO-5134,1248,Medium,2024-06-15
WO-1135,PR1,CO-5135,1287,Medium,2024-08-07
WO-1136,PR1,CO-5136,1688,Medium,2024-08-12
WO-1137,PR6,CO-5137,668,High,2024-11-25
WO-1138,PR4,CO-5138,980,Medium,2024-08-17
WO-1139,PR5,CO-5139,1166,Medium,2024-02-22
WO-1140,PR2,CO-5140,1116,Medium,2025-01-19
WO-1141,PR5,CO-5141,666,Low,2024-12-03
WO-1142,PR4,CO-5142,434,Medium,2024-10-27
WO-1143,PR4,CO-5143,753,Medium,2024-10-15
WO-1144,PR5,CO-5144,1138,Low,2025-02-07
WO-1145,PR5,CO-5145,1032,Medium,2025-04-10
WO-1146,PR6,CO-5146,529,Low,2025-03-14
WO-1147,PR6,CO-5147,1013,High,2024-07-29
WO-1148,PR6,CO-5148,1743,High,2024-02-09
WO-1149,PR3,CO-5149,597,Medium,2024-02-12
WO-1150,PR6,CO-5150,1475,Low,2024-04-04
WO-1151,PR6,CO-5151,78,Low,2025-05-09
WO-1152,PR6,CO-5152,859,High,2025-04-14
WO-1153,PR6,CO-5153,1221,High,2024-05-11
WO-1154,PR2,CO-5154,1028,Low,2024-07-18
WO-1155,PR2,CO-5155,1555,Medium,2024-09-03
WO-1156,PR4,CO-5156,330,Medium,2025-01-11
WO-1157,PR1,CO-5157,1299,High,2025-05-22
WO-1158,PR2,CO-5158,1525,High,2024-04-24
WO-1159,PR4,CO-5159,373,Low,2025-01-24
WO-1160,PR3,CO-5160,1918,Low,2025-06-26
WO-1161,PR1,CO-5161,1981,High,2025-03-15
WO-1162,PR2,CO-5162,1693,High,2024-09-02
WO-1163,PR1,CO-5163,1522,Medium,2025-04-02
WO-1164,PR1,CO-5164,1841,High,2024-09-14
WO-1165,PR5,CO-5165,1818,High,2024-05-13
WO-1166,PR6,CO-5166,425,Medium,2024-05-07
WO-1167,PR2,CO-5167,1193,Medium,2025-06-29
WO-1168,PR5,CO-5168,574,Low,2024-02-16
WO-1169,PR5,CO-5169,1293,Medium,2025-04-13
WO-1170,PR3,CO-5170,1599,High,2025-01-02
WO-1171,PR4,CO-5171,764,Medium,2025-02-01
WO-1172,PR5,CO-5172,1866,Medium,2024-07-04
WO-1173,PR6,CO-5173,1548,Low,2024-10-18
WO-1174,PR3,CO-5174,890,Medium,2024-10-03
WO-1175,PR2,CO-5175,1708,Medium,2024-03-06
WO-1176,PR6,CO-5176,1703,High,2024-09-30
WO-1177,PR4,CO-5177,827,Low,2024-01-13
WO-1178,PR2,CO-5178,813,Medium,2024-12-11
WO-1179,PR6,CO-5179,423,High,2024-06-22
WO-1180,PR3,CO-5180,1397,Medium,2025-05-23
WO-1181,PR4,CO-5181,1217,High,2024-03-19
WO-1182,PR6,CO-5182,382,Medium,2024-06-01
WO-1183,PR1,CO-5183,1964,Medium,2025-01-25
WO-1184,PR3,CO-5184,1970,Low,2024-09-18
WO-1185,PR4,CO-5185,1455,Low,2024-10-09
WO-1186,PR1,CO-5186,948,High,2025-03-04
WO-1187,PR2,CO-5187,1478,Medium,2024-10-04
WO-1188,PR6,CO-5188,1924,Low,2024-10-30
WO-1189,PR5,CO-5189,1969,Medium,2024-02-28
WO-1190,PR2,CO-5190,1942,Medium,2025-02-06
WO-1191,PR4,CO-5191,291,High,2024-01-03
WO-1192,PR1,CO-5192,1928,Low,2025-03-01
WO-1193,PR6,CO-5193,956,Low,2025-04-16
WO-1194,PR1,CO-5194,194,High,2024-08-13
WO-1195,PR6,CO-5195,1133,Low,2024-05-01
WO-1196,PR6,CO-5196,916,High,2025-05-21
WO-1197,PR3,CO-5197,776,High,2024-01-31
WO-1198,PR3,CO-5198,1866,Low,2024-02-29
WO-1199,PR2,CO-5199,1558,Low,2024-12-26
WO-1200,PR1,CO-5200,817,High,2025-02-09
WO-1201,PR5,CO-5201,507,Medium,2025-05-12
WO-1202,PR3,CO-5202,915,Medium,2025-04-15
WO-1203,PR4,CO-5203,1370,High,2024-05-24
WO-1204,PR5,CO-5204,1414,Medium,2024-08-07
WO-1205,PR1,CO-5205,513,Low,2024-05-19
WO-1206,PR4,CO-5206,1570,Medium,2024-07-09
WO-1207,PR6,CO-5207,1201,Medium,2025-01-23
WO-1208,PR6,CO-5208,1121,High,2024-05-30
WO-1209,PR5,CO-5209,215,Medium,2025-01-07
WO-1210,PR6,CO-5210,878,Low,2025-01-28
WO-1211,PR3,CO-5211,627,Medium,2024-12-15
WO-1212,PR2,CO-5212,282,Low,2024-03-15
WO-1213,PR4,CO-5213,1416,Medium,2025-04-13
WO-1214,PR5,CO-5214,1016,Medium,2024-08-03
WO-1215,PR2,CO-5215,312,Medium,2024-07-07
WO-1216,PR2,CO-5216,734,High,2024-02-06
WO-1217,PR4,CO-5217,933,Medium,2024-06-14
WO-1218,PR6,CO-5218,926,Low,2024-07-07
WO-1219,PR5,CO-5219,1516,Medium,2025-06-11
WO-1220,PR5,CO-5220,726,Medium,2024-06-04
WO-1221,PR5,CO-5221,684,Low,2024-11-03
WO-1222,PR6,CO-5222,1968,Medium,2024-10-17
WO-1223,PR5,CO-5223,1324,Medium,2024-12-05
WO-1224,PR2,CO-5224,634,High,2024-05-12
WO-1225,PR4,CO-5225,1754,Medium,2024-07-09
WO-1226,PR3,CO-5226,538,Low,2024-11-03
WO-1227,PR4,CO-5227,904,Medium,2024-12-13
WO-1228,PR3,CO-5228,1198,Low,2025-06-29
WO-1229,PR3,CO-5229,1809,Low,2025-01-03
WO-1230,PR6,CO-5230,383,High,2024-04-11
WO-1231,PR6,CO-5231,1323,Low,2024-08-22
WO-1232,PR3,CO-5232,1872,High,2024-10-07
WO-1233,PR1,CO-5233,1921,High,2025-05-29
WO-1234,PR3,CO-5234,149,High,2024-01-23
WO-1235,PR6,CO-5235,937,Medium,2025-06-23
WO-1236,PR3,CO-5236,142,High,2024-06-20
WO-1237,PR5,CO-5237,799,High,2024-12-14
WO-1238,PR6,CO-5238,926,Medium,2025-01-17
WO-1239,PR6,CO-5239,818,Medium,2024-09-25
WO-1240,PR4,CO-5240,615,Low,2024-01-01
WO-1241,PR1,CO-5241,52,Medium,2024-03-30
WO-1242,PR6,CO-5242,107,Medium,2024-09-25
WO-1243,PR4,CO-5243,1572,Low,2024-10-29
WO-1244,PR5,CO-5244,496,Medium,2024-05-22
WO-1245,PR6,CO-5245,985,Medium,2025-05-15
WO-1246,PR4,CO-5246,1500,Low,2024-05-05
WO-1247,PR5,CO-5247,144,Medium,2024-09-21
WO-1248,PR2,CO-5248,423,High,2025-01-24
WO-1249,PR6,CO-5249,319,Low,2024-06-23
WO-1250,PR5,CO-5250,1869,High,2024-01-06
WO-1251,PR1,CO-5251,265,Medium,2024-03-25
WO-1252,PR5,CO-5252,223,Medium,2024-05-12
WO-1253,PR3,CO-5253,1706,High,2025-01-11
WO-1254,PR3,CO-5254,1089,High,2025-04-12
WO-1255,PR1,CO-5255,1557,Low,2025-05-06
WO-1256,PR4,CO-5256,534,Medium,2024-05-19
WO-1257,PR5,CO-5257,1226,Low,2025-06-14
WO-1258,PR2,CO-5258,1481,Medium,2024-07-17
WO-1259,PR3,CO-5259,1608,Medium,2024-10-27
WO-1260,PR6,CO-5260,1055,Medium,2024-04-28
WO-1261,PR5,CO-5261,202,High,2025-03-27
WO-1262,PR1,CO-5262,797,High,2024-07-08
WO-1263,PR6,CO-5263,1464,Low,2024-12-27
WO-1264,PR6,CO-5264,1660,Low,2025-02-08
WO-1265,PR2,CO-5265,1207,High,2024-03-22
WO-1266,PR6,CO-5266,1356,High,2024-03-19
WO-1267,PR4,CO-5267,1039,Low,2025-03-11
WO-1268,PR1,CO-5268,1852,Low,2024-01-03
WO-1269,PR2,CO-5269,1190,High,2024-11-12
WO-1270,PR3,CO-5270,227,Medium,2025-05-06
WO-1271,PR5,CO-5271,1262,Medium,2024-03-31
WO-1272,PR6,CO-5272,922,Medium,2024-01-28
WO-1273,PR2,CO-5273,1344,Low,2024-07-07
WO-1274,PR6,CO-5274,151,Medium,2024-01-10
WO-1275,PR2,CO-5275,1754,Medium,2025-04-09
WO-1276,PR4,CO-5276,411,Medium,2024-11-30
WO-1277,PR5,CO-5277,1371,Low,2025-02-15
WO-1278,PR1,CO-5278,571,Low,2024-11-06
WO-1279,PR5,CO-5279,867,Medium,2024-03-23
WO-1280,PR1,CO-5280,118,Medium,2024-01-07
WO-1281,PR5,CO-5281,845,High,2024-08-22
WO-1282,PR2,CO-5282,1331,Medium,2025-05-02
WO-1283,PR2,CO-5283,341,Low,2024-09-13
WO-1284,PR6,CO-5284,1379,Low,2024-04-07
WO-1285,PR4,CO-5285,1829,Medium,2025-06-22
WO-1286,PR2,CO-5286,1765,Low,2024-09-14
WO-1287,PR2,CO-5287,789,Medium,2024-12-19
WO-1288,PR5,CO-5288,1322,Low,2025-02-10
WO-1289,PR3,CO-5289,1161,High,2025-06-04
WO-1290,PR5,CO-5290,1414,Low,2025-05-10
WO-1291,PR4,CO-5291,244,Medium,2024-10-02
WO-1292,PR1,CO-5292,938,Low,2025-02-11
WO-1293,PR5,CO-5293,785,Low,2025-06-25
WO-1294,PR5,CO-5294,1276,Medium,2025-05-01
WO-1295,PR5,CO-5295,1237,Medium,2024-07-09
WO-1296,PR3,CO-5296,69,Low,2024-08-12
WO-1297,PR1,CO-5297,961,High,2024-10-03
WO-1298,PR4,CO-5298,757,High,2024-07-25
WO-1299,PR3,CO-5299,367,Medium,2024-07-01
WO-1300,PR3,CO-5300,96,Medium,2024-07-05
WO-1301,PR2,CO-5301,242,Low,2024-04-18
WO-1302,PR5,CO-5302,720,Medium,2025-04-27
WO-1303,PR5,CO-5303,412,Medium,2025-06-18
WO-1304,PR1,CO-5304,936,High,2024-09-13
WO-1305,PR5,CO-5305,988,Low,2024-01-05
WO-1306,PR5,CO-5306,1363,High,2024-12-23
WO-1307,PR6,CO-5307,542,Medium,2024-05-08
WO-1308,PR3,CO-5308,638,Low,2025-02-23
WO-1309,PR5,CO-5309,1969,Low,2024-02-27
WO-1310,PR1,CO-5310,1197,High,2025-06-06
WO-1311,PR2,CO-5311,643,Medium,2025-05-30
WO-1312,PR4,CO-5312,1642,Medium,2024-02-23
WO-1313,PR1,CO-5313,1107,High,2024-08-08
WO-1314,PR5,CO-5314,935,Low,2024-05-18
WO-1315,PR4,CO-5315,1189,Low,2024-07-24
WO-1316,PR5,CO-5316,1703,Medium,2024-06-11
WO-1317,PR6,CO-5317,1532,Low,2024-03-01
WO-1318,PR3,CO-5318,1226,High,2024-04-23
WO-1319,PR5,CO-5319,1797,High,2024-05-07
WO-1320,PR1,CO-5320,396,High,2024-05-24
WO-1321,PR6,CO-5321,856,Medium,2024-12-22
WO-1322,PR2,CO-5322,1764,Low,2024-05-14
WO-1323,PR4,CO-5323,1755,Medium,2024-11-10
WO-1324,PR1,CO-5324,1453,Medium,2024-10-17
WO-1325,PR5,CO-5325,364,Low,2024-06-11
WO-1326,PR5,CO-5326,56,Medium,2025-05-01
WO-1327,PR2,CO-5327,1006,Medium,2024-06-03
WO-1328,PR6,CO-5328,1659,High,2024-10-21
WO-1329,PR2,CO-5329,295,Low,2024-07-16
WO-1330,PR4,CO-5330,1676,High,2024-09-21
WO-1331,PR2,CO-5331,1131,Medium,2024-07-23
WO-1332,PR1,CO-5332,1754,High,2024-05-18
WO-1333,PR5,CO-5333,1837,Medium,2024-03-27
WO-1334,PR4,CO-5334,189,Medium,2024-11-29
WO-1335,PR5,CO-5335,1087,High,2024-10-16
WO-1336,PR3,CO-5336,327,Low,2025-06-25
WO-1337,PR5,CO-5337,964,High,2024-07-22
WO-1338,PR4,CO-5338,1379,High,2025-05-19
WO-1339,PR5,CO-5339,717,Low,2025-05-25
WO-1340,PR4,CO-5340,155,Low,2024-12-07
WO-1341,PR1,CO-5341,463,Low,2025-03-29
WO-1342,PR3,CO-5342,610,High,2024-08-28
WO-1343,PR2,CO-5343,1987,Medium,2024-10-29
WO-1344,PR6,CO-5344,825,High,2024-02-04
WO-1345,PR6,CO-5345,347,Medium,2024-08-25
WO-1346,PR5,CO-5346,348,Medium,2024-08-03
WO-1347,PR5,CO-5347,1466,Medium,2024-08-14
WO-1348,PR2,CO-5348,1333,Medium,2024-12-27
WO-1349,PR5,CO-5349,1902,Medium,2024-12-02
WO-1350,PR6,CO-5350,226,Low,2024-04-07
WO-1351,PR1,CO-5351,128,Medium,2024-11-15
WO-1352,PR1,CO-5352,1505,Low,2025-05-04
WO-1353,PR3,CO-5353,1086,Medium,2024-09-05
WO-1354,PR5,CO-5354,754,Medium,2024-06-14
WO-1355,PR4,CO-5355,1490,Medium,2025-02-06
WO-1356,PR5,CO-5356,341,Medium,2024-11-03
WO-1357,PR6,CO-5357,1818,Medium,2025-02-01
WO-1358,PR3,CO-5358,835,Medium,2024-12-20
WO-1359,PR4,CO-5359,908,High,2024-09-11
WO-1360,PR2,CO-5360,683,Medium,2024-02-20
WO-1361,PR1,CO-5361,1342,High,2025-02-05
WO-1362,PR5,CO-5362,1619,Low,2024-06-27
WO-1363,PR3,CO-5363,1728,Medium,2025-05-29
WO-1364,PR4,CO-5364,385,Medium,2024-12-31
WO-1365,PR3,CO-5365,320,Medium,2025-02-23
WO-1366,PR5,CO-5366,1833,Medium,2025-01-04
WO-1367,PR6,CO-5367,1107,Low,2025-06-10
WO-1368,PR6,CO-5368,1185,Medium,2025-06-06
WO-1369,PR4,CO-5369,1269,Medium,2024-06-17
WO-1370,PR2,CO-5370,1063,Medium,2025-06-18
WO-1371,PR2,CO-5371,95,Medium,2024-10-25
WO-1372,PR4,CO-5372,1926,Medium,2025-04-24
WO-1373,PR4,CO-5373,1875,Low,2024-04-06
WO-1374,PR5,CO-5374,1720,Medium,2024-06-25
WO-1375,PR1,CO-5375,1282,Medium,2024-08-30
WO-1376,PR6,CO-5376,835,Low,2024-05-13
WO-1377,PR2,CO-5377,1694,Low,2024-06-22
WO-1378,PR6,CO-5378,1993,Low,2025-02-12
WO-1379,PR2,CO-5379,987,Medium,2024-02-27
WO-1380,PR4,CO-5380,1232,Medium,2024-05-11
WO-1381,PR6,CO-5381,552,Medium,2024-06-16
WO-1382,PR6,CO-5382,608,Low,2024-08-12
WO-1383,PR1,CO-5383,1728,High,2024-06-08
WO-1384,PR5,CO-5384,126,Low,2024-01-05
WO-1385,PR3,CO-5385,1686,High,2024-03-14
WO-1386,PR3,CO-5386,1229,Medium,2025-02-28
WO-1387,PR2,CO-5387,1997,High,2024-09-03
WO-1388,PR4,CO-5388,101,Medium,2024-03-25
WO-1389,PR1,CO-5389,1869,Low,2025-04-25
WO-1390,PR5,CO-5390,1879,Low,2024-02-08
WO-1391,PR4,CO-5391,577,Low,2024-05-16
WO-1392,PR1,CO-5392,932,Low,2024-12-29
WO-1393,PR2,CO-5393,393,Medium,2024-11-11
WO-1394,PR6,CO-5394,525,Medium,2024-10-29
WO-1395,PR1,CO-5395,1322,Low,2025-03-12
WO-1396,PR6,CO-5396,111,High,2025-07-01
WO-1397,PR6,CO-5397,1469,Low,2025-01-09
WO-1398,PR2,CO-5398,629,Medium,2024-06-23
WO-1399,PR1,CO-5399,150,Medium,2024-04-25
WO-1400,PR2,CO-5400,681,Low,2024-07-12
WO-1401,PR6,CO-5401,1651,Medium,2025-05-11
WO-1402,PR4,CO-5402,508,Low,2024-06-25
WO-1403,PR4,CO-5403,1007,Low,2024-04-01
WO-1404,PR5,CO-5404,1161,High,2024-03-19
WO-1405,PR4,CO-5405,349,Medium,2024-06-27
WO-1406,PR2,CO-5406,1044,High,2024-02-07
WO-1407,PR5,CO-5407,900,Low,2024-02-17
WO-1408,PR1,CO-5408,709,Low,2024-01-20
WO-1409,PR3,CO-5409,377,High,2024-07-06
WO-1410,PR3,CO-5410,573,Medium,2025-04-16
WO-1411,PR1,CO-5411,1647,High,2024-09-06
WO-1412,PR5,CO-5412,1113,Medium,2024-08-04
WO-1413,PR1,CO-5413,1517,Medium,2024-06-28
WO-1414,PR6,CO-5414,1442,Medium,2025-02-15
WO-1415,PR4,CO-5415,477,Medium,2024-08-13
WO-1416,PR4,CO-5416,1925,High,2025-02-15
WO-1417,PR2,CO-5417,393,High,2024-07-03
WO-1418,PR2,CO-5418,169,Low,2025-03-27
WO-1419,PR5,CO-5419,317,Medium,2025-04-12
WO-1420,PR2,CO-5420,1839,Low,2024-09-02
WO-1421,PR2,CO-5421,1952,Low,2025-06-06
WO-1422,PR5,CO-5422,1253,Medium,2024-04-15
WO-1423,PR3,CO-5423,613,Low,2025-06-02
WO-1424,PR1,CO-5424,1504,Low,2024-11-06
WO-1425,PR4,CO-5425,1435,High,2024-07-22
WO-1426,PR4,CO-5426,1865,Medium,2024-01-28
WO-1427,PR1,CO-5427,557,Medium,2024-12-05
WO-1428,PR2,CO-5428,252,Medium,2025-02-19
WO-1429,PR2,CO-5429,801,Medium,2024-03-27
WO-1430,PR3,CO-5430,366,Medium,2024-10-13
WO-1431,PR4,CO-5431,1369,High,2024-12-16
WO-1432,PR5,CO-5432,68,Low,2024-01-01
WO-1433,PR2,CO-5433,1310,High,2025-02-27
WO-1434,PR2,CO-5434,235,Medium,2025-05-02
WO-1435,PR5,CO-5435,1874,High,2025-04-05
WO-1436,PR3,CO-5436,974,High,2024-04-27
WO-1437,PR5,CO-5437,1375,Medium,2024-06-14
WO-1438,PR1,CO-5438,858,Medium,2024-02-24
WO-1439,PR5,CO-5439,393,High,2024-10-12
WO-1440,PR2,CO-5440,401,Medium,2025-04-16
WO-1441,PR6,CO-5441,157,Medium,2024-05-13
WO-1442,PR5,CO-5442,1862,Medium,2024-05-25
WO-1443,PR6,CO-5443,1782,Low,2025-03-15
WO-1444,PR1,CO-5444,1518,High,2024-02-24
WO-1445,PR4,CO-5445,1258,High,2024-09-08
WO-1446,PR3,CO-5446,1927,Low,2025-04-12
WO-1447,PR4,CO-5447,1075,Low,2025-01-14
WO-1448,PR2,CO-5448,459,Medium,2024-01-25
WO-1449,PR4,CO-5449,1899,Medium,2024-09-13
WO-1450,PR6,CO-5450,1853,Low,2025-03-17
WO-1451,PR1,CO-5451,1022,Medium,2024-06-27
WO-1452,PR6,CO-5452,1915,Medium,2025-06-16
WO-1453,PR4,CO-5453,1190,High,2025-03-11
WO-1454,PR1,CO-5454,472,High,2024-06-24
WO-1455,PR1,CO-5455,1738,Medium,2025-03-13
WO-1456,PR3,CO-5456,1350,Medium,2024-07-15
WO-1457,PR4,CO-5457,1284,Low,2025-03-14
WO-1458,PR2,CO-5458,1474,Medium,2025-05-26
WO-1459,PR2,CO-5459,929,Medium,2024-05-28
WO-1460,PR3,CO-5460,617,Medium,2024-09-10
WO-1461,PR4,CO-5461,675,Medium,2024-07-21
WO-1462,PR4,CO-5462,1087,High,2024-07-26
WO-1463,PR4,CO-5463,1460,Medium,2024-10-01
WO-1464,PR5,CO-5464,1571,Low,2024-04-27
WO-1465,PR5,CO-5465,551,Low,2024-10-18
WO-1466,PR4,CO-5466,403,Medium,2025-05-23
WO-1467,PR3,CO-5467,152,Low,2025-06-27
WO-1468,PR4,CO-5468,252,Medium,2024-08-03
WO-1469,PR6,CO-5469,59,High,2025-06-20
WO-1470,PR2,CO-5470,1831,High,2025-01-07
WO-1471,PR5,CO-5471,1499,Low,2024-07-02
WO-1472,PR5,CO-5472,446,High,2024-09-29
WO-1473,PR2,CO-5473,1583,Medium,2024-11-07
WO-1474,PR2,CO-5474,1977,Medium,2025-04-26
WO-1475,PR2,CO-5475,577,High,2024-02-01
WO-1476,PR1,CO-5476,342,Medium,2025-02-28
WO-1477,PR4,CO-5477,1932,Low,2024-05-11
WO-1478,PR1,CO-5478,1710,Medium,2025-04-13
WO-1479,PR6,CO-5479,1762,Medium,2025-06-11
WO-1480,PR5,CO-5480,809,Medium,2024-02-25
WO-1481,PR5,CO-5481,1150,Low,2024-05-13
WO-1482,PR5,CO-5482,1824,Medium,2024-11-28
WO-1483,PR2,CO-5483,864,High,2024-03-11
WO-1484,PR1,CO-5484,481,Medium,2025-03-11
WO-1485,PR4,CO-5485,642,Low,2025-01-21
WO-1486,PR1,CO-5486,1883,Medium,2024-01-14
WO-1487,PR1,CO-5487,1395,High,2024-08-25
WO-1488,PR5,CO-5488,271,Medium,2025-01-01
WO-1489,PR1,CO-5489,128,Medium,2024-03-15
WO-1490,PR5,CO-5490,1866,High,2024-10-13
WO-1491,PR1,CO-5491,417,Medium,2024-11-10
WO-1492,PR3,CO-5492,1048,Medium,2024-02-23
WO-1493,PR5,CO-5493,1627,Low,2024-05-03
WO-1494,PR5,CO-5494,1185,Low,2024-02-14
WO-1495,PR6,CO-5495,1286,Medium,2025-04-29
WO-1496,PR6,CO-5496,760,Medium,2024-08-24
WO-1497,PR4,CO-5497,1987,Low,2024-07-21
WO-1498,PR4,CO-5498,446,Medium,2024-01-23
WO-1499,PR3,CO-5499,1810,High,2024-10-13
WO-1500,PR6,CO-5500,1535,High,2025-05-27
WO-1501,PR5,CO-5501,166,Low,2024-06-03
WO-1502,PR5,CO-5502,1458,Low,2024-03-26
WO-1503,PR2,CO-5503,1156,Medium,2025-04-22
WO-1504,PR2,CO-5504,1978,Low,2024-08-31
WO-1505,PR5,CO-5505,655,High,2024-06-07
WO-1506,PR2,CO-5506,435,High,2024-06-05
WO-1507,PR3,CO-5507,1741,Low,2025-01-04
WO-1508,PR2,CO-5508,297,Low,2025-03-30
WO-1509,PR2,CO-5509,1889,High,2024-07-17
WO-1510,PR2,CO-5510,635,Medium,2025-03-12
WO-1511,PR6,CO-5511,1802,Low,2025-06-13
WO-1512,PR4,CO-5512,1540,Medium,2025-01-21
WO-1513,PR4,CO-5513,803,Medium,2025-04-17
WO-1514,PR5,CO-5514,272,High,2024-08-02
WO-1515,PR1,CO-5515,1570,Medium,2024-11-07
WO-1516,PR5,CO-5516,1678,High,2025-05-25
WO-1517,PR5,CO-5517,357,Medium,2024-06-21
WO-1518,PR1,CO-5518,1645,Medium,2025-06-18
WO-1519,PR2,CO-5519,1875,Low,2024-12-30
WO-1520,PR6,CO-5520,1147,High,2024-05-09
WO-1521,PR5,CO-5521,173,High,2025-05-26
WO-1522,PR3,CO-5522,760,Medium,2024-11-07
WO-1523,PR5,CO-5523,1270,Medium,2024-12-27
WO-1524,PR6,CO-5524,1732,Low,2025-03-14
WO-1525,PR5,CO-5525,1900,Medium,2024-12-08
WO-1526,PR5,CO-5526,970,Medium,2024-02-19
WO-1527,PR3,CO-5527,1894,Medium,2024-12-06
WO-1528,PR4,CO-5528,291,High,2025-02-26
WO-1529,PR3,CO-5529,675,Medium,2024-12-03
WO-1530,PR5,CO-5530,366,Medium,2025-01-03
WO-1531,PR5,CO-5531,1457,High,2025-02-24
WO-1532,PR6,CO-5532,1537,High,2025-05-28
WO-1533,PR6,CO-5533,1020,Medium,2024-11-18
WO-1534,PR2,CO-5534,1876,Low,2024-10-05
WO-1535,PR3,CO-5535,998,Medium,2024-02-24
WO-1536,PR6,CO-5536,1947,Medium,2024-08-19
WO-1537,PR5,CO-5537,494,Medium,2024-05-11
WO-1538,PR2,CO-5538,1215,Medium,2024-01-28
WO-1539,PR4,CO-5539,1798,Medium,2024-09-27
WO-1540,PR1,CO-5540,1612,Medium,2024-02-03
WO-1541,PR4,CO-5541,1574,Medium,2025-02-13
WO-1542,PR2,CO-5542,426,Medium,2024-12-15
WO-1543,PR2,CO-5543,727,Medium,2024-06-14
WO-1544,PR2,CO-5544,1863,Medium,2025-01-03
WO-1545,PR3,CO-5545,878,Low,2024-11-24
WO-1546,PR4,CO-5546,138,Medium,2024-10-04
WO-1547,PR6,CO-5547,470,Low,2024-10-18
WO-1548,PR4,CO-5548,804,Medium,2024-03-12
WO-1549,PR5,CO-5549,1507,Low,2024-03-03
WO-1550,PR2,CO-5550,1148,Low,2024-05-29
WO-1551,PR5,CO-5551,351,High,2025-03-15
WO-1552,PR2,CO-5552,689,Low,2024-06-08
WO-1553,PR4,CO-5553,1533,Low,2025-02-02
WO-1554,PR5,CO-5554,1514,Medium,2024-04-05
WO-1555,PR1,CO-5555,337,Medium,2025-03-15
WO-1556,PR1,CO-5556,795,Medium,2024-06-17
WO-1557,PR4,CO-5557,1424,High,2025-03-30
WO-1558,PR6,CO-5558,518,Low,2024-09-20
WO-1559,PR3,CO-5559,1639,Medium,2024-02-29
WO-1560,PR5,CO-5560,589,Medium,2025-03-25
WO-1561,PR4,CO-5561,393,Medium,2024-04-09
WO-1562,PR1,CO-5562,1452,Low,2024-08-02
WO-1563,PR4,CO-5563,662,Medium,2024-04-05
WO-1564,PR3,CO-5564,78,Medium,2024-03-12
WO-1565,PR6,CO-5565,770,Medium,2025-04-16
WO-1566,PR4,CO-5566,165,Medium,2025-02-22
WO-1567,PR1,CO-5567,1303,Low,2024-12-10
WO-1568,PR6,CO-5568,969,Low,2025-07-01
WO-1569,PR4,CO-5569,1821,Low,2025-04-01
WO-1570,PR1,CO-5570,1532,High,2024-09-09
WO-1571,PR5,CO-5571,980,Medium,2024-11-14
WO-1572,PR2,CO-5572,930,Medium,2024-08-11
WO-1573,PR1,CO-5573,1681,High,2024-12-18
WO-1574,PR5,CO-5574,433,Low,2024-05-03
WO-1575,PR6,CO-5575,1989,Low,2025-02-26
WO-1576,PR5,CO-5576,362,Medium,2025-05-02
WO-1577,PR1,CO-5577,572,Medium,2025-02-14
WO-1578,PR5,CO-5578,892,Medium,2025-05-29
WO-1579,PR1,CO-5579,627,High,2024-12-02
WO-1580,PR3,CO-5580,1506,Low,2024-04-16
WO-1581,PR5,CO-5581,835,Low,2025-02-23
WO-1582,PR4,CO-5582,1358,High,2025-01-08
WO-1583,PR2,CO-5583,1633,Medium,2024-05-03
WO-1584,PR5,CO-5584,1550,Medium,2025-05-15
WO-1585,PR4,CO-5585,1638,Medium,2025-07-01
WO-1586,PR6,CO-5586,717,Medium,2024-05-31
WO-1587,PR6,CO-5587,888,Medium,2024-01-03
WO-1588,PR5,CO-5588,1562,Low,2024-05-18
WO-1589,PR3,CO-5589,787,Low,2024-11-13
WO-1590,PR3,CO-5590,1369,Medium,2024-04-26
WO-1591,PR1,CO-5591,1988,High,2024-07-18
WO-1592,PR1,CO-5592,1800,Low,2024-04-23
WO-1593,PR3,CO-5593,223,Medium,2025-02-24
WO-1594,PR3,CO-5594,354,High,2025-02-13
WO-1595,PR6,CO-5595,431,Medium,2024-04-04
WO-1596,PR5,CO-5596,1495,Medium,2024-09-19
WO-1597,PR2,CO-5597,1396,Low,2025-02-08
WO-1598,PR6,CO-5598,1322,Low,2024-08-13
WO-1599,PR2,CO-5599,529,Low,2024-02-09
WO-1600,PR5,CO-5600,1940,Medium,2025-02-17
WO-1601,PR5,CO-5601,441,High,2024-03-12
WO-1602,PR2,CO-5602,514,Low,2024-09-11
WO-1603,PR2,CO-5603,1819,Low,2024-04-26
WO-1604,PR5,CO-5604,1222,Medium,2024-05-25
WO-1605,PR4,CO-5605,313,Low,2024-05-31
WO-1606,PR4,CO-5606,1863,Low,2024-08-08
WO-1607,PR6,CO-5607,828,High,2024-12-12
WO-1608,PR6,CO-5608,1583,Low,2024-03-29
WO-1609,PR1,CO-5609,461,Low,2024-03-29
WO-1610,PR2,CO-5610,533,Medium,2025-04-11
WO-1611,PR2,CO-5611,148,Low,2024-10-13
WO-1612,PR5,CO-5612,242,Low,2024-06-16
WO-1613,PR6,CO-5613,300,Low,2024-11-26
WO-1614,PR5,CO-5614,256,Medium,2025-05-29
WO-1615,PR3,CO-5615,1759,Medium,2024-02-01
WO-1616,PR3,CO-5616,140,Low,2025-02-12
WO-1617,PR3,CO-5617,611,High,2024-12-06
WO-1618,PR2,CO-5618,651,Medium,2024-05-10
WO-1619,PR2,CO-5619,1186,Medium,2024-10-03
WO-1620,PR2,CO-5620,1923,Medium,2025-03-07
WO-1621,PR4,CO-5621,1486,Medium,2025-02-28
WO-1622,PR3,CO-5622,1603,Low,2024-10-13
WO-1623,PR1,CO-5623,1923,Low,2024-09-05
WO-1624,PR2,CO-5624,355,Medium,2025-05-17
WO-1625,PR4,CO-5625,1294,Medium,2024-07-13
WO-1626,PR3,CO-5626,483,Medium,2025-06-24
WO-1627,PR3,CO-5627,1757,Medium,2024-12-03
WO-1628,PR6,CO-5628,1221,Low,2025-03-07
WO-1629,PR2,CO-5629,1772,Medium,2024-09-20
WO-1630,PR6,CO-5630,454,Medium,2025-02-26
WO-1631,PR3,CO-5631,1334,Low,2024-06-10
WO-1632,PR6,CO-5632,938,Low,2024-01-14
WO-1633,PR4,CO-5633,1148,Medium,2024-06-24
WO-1634,PR3,CO-5634,932,Low,2024-01-31
WO-1635,PR2,CO-5635,110,Medium,2025-02-15
WO-1636,PR3,CO-5636,1741,Low,2025-06-01
WO-1637,PR6,CO-5637,552,Low,2024-10-22
WO-1638,PR4,CO-5638,1482,Medium,2025-02-12
WO-1639,PR5,CO-5639,1086,Low,2024-10-27
WO-1640,PR1,CO-5640,1601,High,2024-05-14
WO-1641,PR1,CO-5641,1919,Low,2024-07-05
WO-1642,PR4,CO-5642,774,Medium,2024-12-14
WO-1643,PR6,CO-5643,978,Medium,2024-02-26
WO-1644,PR1,CO-5644,655,Low,2024-12-16
WO-1645,PR4,CO-5645,1632,Medium,2025-04-03
WO-1646,PR4,CO-5646,300,Low,2024-11-13
WO-1647,PR1,CO-5647,1810,Low,2024-04-02
WO-1648,PR1,CO-5648,1664,Medium,2024-07-01
WO-1649,PR5,CO-5649,225,High,2024-03-13
WO-1650,PR1,CO-5650,169,High,2024-02-09
WO-1651,PR2,CO-5651,308,Low,2024-01-17
WO-1652,PR5,CO-5652,215,Medium,2024-11-13
WO-1653,PR3,CO-5653,1770,Medium,2024-08-12
WO-1654,PR6,CO-5654,1880,Medium,2024-10-13
WO-1655,PR4,CO-5655,724,Medium,2025-01-21
WO-1656,PR4,CO-5656,870,Medium,2024-04-03
WO-1657,PR1,CO-5657,349,Medium,2024-08-19
WO-1658,PR2,CO-5658,1393,Medium,2025-04-06
WO-1659,PR4,CO-5659,1719,High,2024-12-19
WO-1660,PR3,CO-5660,452,Medium,2025-02-23
WO-1661,PR5,CO-5661,1393,Low,2024-09-04
WO-1662,PR1,CO-5662,1970,Medium,2024-06-10
WO-1663,PR5,CO-5663,1130,Medium,2024-07-04
WO-1664,PR1,CO-5664,352,High,2024-11-30
WO-1665,PR5,CO-5665,1402,Medium,2024-06-28
WO-1666,PR1,CO-5666,1238,Medium,2025-01-09
WO-1667,PR2,CO-5667,847,High,2024-01-29
WO-1668,PR1,CO-5668,694,Low,2024-05-01
WO-1669,PR4,CO-5669,512,Low,2025-02-26
WO-1670,PR1,CO-5670,122,Medium,2024-10-26
WO-1671,PR3,CO-5671,1023,Medium,2024-10-23
WO-1672,PR3,CO-5672,1863,Medium,2025-05-23
WO-1673,PR6,CO-5673,1223,Low,2024-12-17
WO-1674,PR1,CO-5674,849,Medium,2024-02-09
WO-1675,PR5,CO-5675,1847,Medium,2024-10-09
WO-1676,PR3,CO-5676,1937,Medium,2024-09-13
WO-1677,PR4,CO-5677,402,Medium,2024-11-18
WO-1678,PR1,CO-5678,1194,Medium,2024-02-22
WO-1679,PR1,CO-5679,1550,Low,2024-07-19
WO-1680,PR2,CO-5680,470,High,2024-01-18
WO-1681,PR6,CO-5681,1885,High,2024-02-27
WO-1682,PR2,CO-5682,430,Medium,2024-12-09
WO-1683,PR4,CO-5683,853,Low,2024-06-17
WO-1684,PR6,CO-5684,537,Medium,2024-05-06
WO-1685,PR6,CO-5685,1524,Low,2024-03-26
WO-1686,PR1,CO-5686,1623,Medium,2025-07-01
WO-1687,PR5,CO-5687,538,Medium,2024-07-10
WO-1688,PR3,CO-5688,1514,Low,2024-11-15
WO-1689,PR2,CO-5689,1077,Medium,2024-02-29
WO-1690,PR3,CO-5690,833,Medium,2025-04-16
WO-1691,PR4,CO-5691,1080,Low,2024-07-26
WO-1692,PR4,CO-5692,1880,Low,2024-06-15
WO-1693,PR3,CO-5693,1970,Low,2024-09-03
WO-1694,PR2,CO-5694,1923,Medium,2025-03-13
WO-1695,PR4,CO-5695,1117,Medium,2024-12-15
WO-1696,PR1,CO-5696,1172,Medium,2024-10-04
WO-1697,PR2,CO-5697,1510,Medium,2025-01-06
WO-1698,PR1,CO-5698,1078,High,2024-06-30
WO-1699,PR1,CO-5699,1708,Medium,2024-10-18
WO-1700,PR4,CO-5700,254,Medium,2024-05-04
WO-1701,PR6,CO-5701,91,Medium,2024-04-06
WO-1702,PR2,CO-5702,547,Medium,2024-04-06
WO-1703,PR2,CO-5703,176,High,2025-01-11
WO-1704,PR2,CO-5704,1620,Low,2024-11-14
WO-1705,PR6,CO-5705,353,Medium,2024-02-26
WO-1706,PR4,CO-5706,1365,High,2024-08-31
WO-1707,PR2,CO-5707,1615,Low,2024-09-04
WO-1708,PR6,CO-5708,1118,Low,2024-01-07
WO-1709,PR4,CO-5709,1121,High,2024-07-03
WO-1710,PR6,CO-5710,1626,Low,2024-04-21
WO-1711,PR5,CO-5711,1218,Low,2024-04-17
WO-1712,PR6,CO-5712,1141,Medium,2024-09-27
WO-1713,PR6,CO-5713,751,Medium,2025-02-26
WO-1714,PR2,CO-5714,254,Low,2024-01-26
WO-1715,PR1,CO-5715,85,Medium,2024-07-15
WO-1716,PR4,CO-5716,532,Low,2024-12-18
WO-1717,PR1,CO-5717,1630,Low,2024-10-13
WO-1718,PR4,CO-5718,1736,Medium,2024-02-26
WO-1719,PR5,CO-5719,528,High,2025-01-15
WO-1720,PR6,CO-5720,1171,Medium,2024-05-02
WO-1721,PR2,CO-5721,394,Low,2024-02-15
WO-1722,PR4,CO-5722,900,Low,2025-05-22
WO-1723,PR4,CO-5723,84,Low,2024-10-18
WO-1724,PR6,CO-5724,1043,Low,2025-06-05
WO-1725,PR6,CO-5725,1941,Low,2025-01-26
WO-1726,PR2,CO-5726,423,High,2025-06-15
WO-1727,PR3,CO-5727,1707,Medium,2024-02-06
WO-1728,PR1,CO-5728,987,Medium,2024-12-02
WO-1729,PR6,CO-5729,349,Low,2024-10-01
WO-1730,PR2,CO-5730,1420,Low,2024-02-11
WO-1731,PR3,CO-5731,971,Medium,2024-10-14
WO-1732,PR2,CO-5732,1859,Low,2024-06-20
WO-1733,PR2,CO-5733,769,High,2024-01-13
WO-1734,PR5,CO-5734,1470,Low,2024-04-30
WO-1735,PR2,CO-5735,1481,Medium,2024-10-12
WO-1736,PR6,CO-5736,1330,Low,2025-04-16
WO-1737,PR5,CO-5737,521,Medium,2025-03-06
WO-1738,PR6,CO-5738,291,Medium,2025-05-22
WO-1739,PR1,CO-5739,1975,High,2024-12-18
WO-1740,PR6,CO-5740,1358,Medium,2024-02-18
WO-1741,PR3,CO-5741,188,Medium,2024-06-18
WO-1742,PR6,CO-5742,323,Medium,2025-02-17
WO-1743,PR2,CO-5743,1699,Medium,2024-01-14
WO-1744,PR6,CO-5744,118,Low,2025-04-06
WO-1745,PR4,CO-5745,1319,High,2024-05-17
WO-1746,PR2,CO-5746,1394,High,2025-04-30
WO-1747,PR6,CO-5747,347,Medium,2024-05-28
WO-1748,PR1,CO-5748,1107,High,2024-01-26
WO-1749,PR6,CO-5749,910,Medium,2024-04-25
WO-1750,PR4,CO-5750,574,High,2024-10-12
WO-1751,PR4,CO-5751,1248,Medium,2025-01-10
WO-1752,PR3,CO-5752,1531,High,2024-12-22
WO-1753,PR3,CO-5753,534,Medium,2024-09-04
WO-1754,PR5,CO-5754,1541,Medium,2024-08-03
WO-1755,PR2,CO-5755,1084,Medium,2025-04-09
WO-1756,PR5,CO-5756,1283,Medium,2024-01-12
WO-1757,PR5,CO-5757,871,High,2025-04-13
WO-1758,PR5,CO-5758,1676,High,2025-03-04
WO-1759,PR1,CO-5759,1222,Low,2025-06-20
WO-1760,PR6,CO-5760,1550,Medium,2024-06-05
WO-1761,PR2,CO-5761,1861,Low,2024-05-27
WO-1762,PR2,CO-5762,764,Medium,2024-01-24
WO-1763,PR6,CO-5763,336,Medium,2024-10-20
WO-1764,PR2,CO-5764,420,Medium,2025-06-25
WO-1765,PR4,CO-5765,1693,Medium,2024-02-26
WO-1766,PR3,CO-5766,345,Medium,2024-09-19
WO-1767,PR1,CO-5767,305,High,2024-01-11
WO-1768,PR4,CO-5768,1971,Medium,2025-06-02
WO-1769,PR4,CO-5769,226,Medium,2024-01-26
WO-1770,PR1,CO-5770,1474,Low,2025-05-24
WO-1771,PR5,CO-5771,554,Medium,2025-06-17
WO-1772,PR1,CO-5772,368,Medium,2025-04-16
WO-1773,PR6,CO-5773,1718,Medium,2024-08-14
WO-1774,PR5,CO-5774,1828,High,2024-10-17
WO-1775,PR4,CO-5775,637,High,2025-01-22
WO-1776,PR3,CO-5776,1147,Medium,2024-08-02
WO-1777,PR5,CO-5777,403,Medium,2024-09-10
WO-1778,PR4,CO-5778,1037,Medium,2024-05-24
WO-1779,PR1,CO-5779,1447,Medium,2024-06-15
WO-1780,PR3,CO-5780,247,Medium,2024-07-16
WO-1781,PR1,CO-5781,466,Low,2024-05-25
WO-1782,PR6,CO-5782,1495,Medium,2024-07-06
WO-1783,PR3,CO-5783,291,Medium,2024-10-30
WO-1784,PR2,CO-5784,720,Low,2025-02-13
WO-1785,PR2,CO-5785,1876,Medium,2025-05-11
WO-1786,PR6,CO-5786,860,Low,2025-01-24
WO-1787,PR2,CO-5787,715,High,2024-09-24
WO-1788,PR1,CO-5788,1659,High,2024-10-11
WO-1789,PR2,CO-5789,1245,High,2024-09-03
WO-1790,PR5,CO-5790,1230,High,2025-05-23
WO-1791,PR1,CO-5791,261,Medium,2025-06-01
WO-1792,PR3,CO-5792,1657,Medium,2024-05-30
WO-1793,PR2,CO-5793,426,Medium,2024-05-29
WO-1794,PR1,CO-5794,1961,Medium,2024-07-30
WO-1795,PR3,CO-5795,224,High,2024-06-28
WO-1796,PR5,CO-5796,618,Low,2024-04-20
WO-1797,PR6,CO-5797,1860,Medium,2024-07-11
WO-1798,PR5,CO-5798,1869,Low,2024-10-18
WO-1799,PR4,CO-5799,1541,Low,2024-02-07
WO-1800,PR4,CO-5800,381,Low,2025-05-05
WO-1801,PR1,CO-5801,1622,Medium,2025-01-26
WO-1802,PR1,CO-5802,1010,Low,2025-05-24
WO-1803,PR6,CO-5803,1551,High,2024-09-01
WO-1804,PR3,CO-5804,310,Low,2024-12-25
WO-1805,PR4,CO-5805,1608,Medium,2025-02-09
WO-1806,PR5,CO-5806,728,Medium,2025-04-14
WO-1807,PR3,CO-5807,857,High,2025-06-20
WO-1808,PR4,CO-5808,952,Medium,2024-09-02
WO-1809,PR5,CO-5809,878,Low,2025-04-11
WO-1810,PR3,CO-5810,1729,Medium,2024-05-28
WO-1811,PR4,CO-5811,689,Medium,2025-02-18
WO-1812,PR6,CO-5812,962,Medium,2024-08-16
WO-1813,PR4,CO-5813,346,Medium,2024-01-28
WO-1814,PR5,CO-5814,1124,Low,2024-11-06
WO-1815,PR5,CO-5815,550,Low,2025-06-12
WO-1816,PR4,CO-5816,1018,Low,2025-03-06
WO-1817,PR4,CO-5817,327,Medium,2024-03-31
WO-1818,PR4,CO-5818,492,Medium,2024-04-03
WO-1819,PR2,CO-5819,563,Low,2024-06-22
WO-1820,PR5,CO-5820,738,Low,2024-03-04
WO-1821,PR4,CO-5821,164,Medium,2024-05-22
WO-1822,PR1,CO-5822,73,Medium,2025-03-23
WO-1823,PR4,CO-5823,554,Medium,2024-06-10
WO-1824,PR2,CO-5824,829,Low,2024-03-06
WO-1825,PR1,CO-5825,412,Medium,2024-05-21
WO-1826,PR2,CO-5826,700,Medium,2024-11-18
WO-1827,PR1,CO-5827,354,High,2024-09-15
WO-1828,PR3,CO-5828,1539,Low,2025-07-01
WO-1829,PR5,CO-5829,990,Low,2024-05-20
WO-1830,PR5,CO-5830,1801,Low,2024-02-18
WO-1831,PR3,CO-5831,1897,Medium,2024-12-24
WO-1832,PR5,CO-5832,1381,Medium,2024-07-13
WO-1833,PR1,CO-5833,420,Low,2024-06-17
WO-1834,PR6,CO-5834,981,High,2024-05-18
WO-1835,PR4,CO-5835,125,Medium,2024-11-19
WO-1836,PR2,CO-5836,1197,High,2024-07-04
WO-1837,PR3,CO-5837,1902,Low,2025-03-13
WO-1838,PR1,CO-5838,1001,Medium,2025-04-25
WO-1839,PR1,CO-5839,768,Medium,2025-05-29
WO-1840,PR2,CO-5840,1679,Medium,2024-06-11
WO-1841,PR5,CO-5841,546,Medium,2024-10-24
WO-1842,PR2,CO-5842,1408,Medium,2024-04-17
WO-1843,PR4,CO-5843,806,Medium,2024-06-29
WO-1844,PR4,CO-5844,1995,Medium,2024-10-19
WO-1845,PR2,CO-5845,1195,Low,2024-06-07
WO-1846,PR3,CO-5846,289,Low,2024-10-13
WO-1847,PR4,CO-5847,164,Medium,2024-07-11
WO-1848,PR4,CO-5848,1100,Medium,2025-01-17
WO-1849,PR4,CO-5849,230,Medium,2024-01-11
WO-1850,PR3,CO-5850,1423,Medium,2024-03-10
WO-1851,PR5,CO-5851,1460,Low,2024-02-14
WO-1852,PR2,CO-5852,1856,Low,2024-12-10
WO-1853,PR1,CO-5853,1692,Low,2024-11-19
WO-1854,PR5,CO-5854,243,Medium,2024-01-20
WO-1855,PR2,CO-5855,1727,Medium,2024-03-26
WO-1856,PR5,CO-5856,90,Medium,2024-08-18
WO-1857,PR6,CO-5857,1422,Medium,2025-01-21
WO-1858,PR3,CO-5858,1014,Low,2024-02-21
WO-1859,PR2,CO-5859,439,Medium,2024-02-15
WO-1860,PR4,CO-5860,371,Medium,2025-06-16
WO-1861,PR6,CO-5861,649,Medium,2024-04-27
WO-1862,PR4,CO-5862,192,High,2024-01-22
WO-1863,PR2,CO-5863,59,Low,2025-05-07
WO-1864,PR3,CO-5864,660,Medium,2025-06-03
WO-1865,PR5,CO-5865,997,Medium,2024-05-11
WO-1866,PR5,CO-5866,1583,Medium,2024-06-26
WO-1867,PR6,CO-5867,1216,Low,2024-06-09
WO-1868,PR4,CO-5868,1661,Medium,2025-06-29
WO-1869,PR4,CO-5869,402,Medium,2024-01-02
WO-1870,PR2,CO-5870,585,Low,2024-06-06
WO-1871,PR2,CO-5871,1017,Low,2025-03-27
WO-1872,PR2,CO-5872,1908,Medium,2024-01-18
WO-1873,PR6,CO-5873,206,Medium,2025-02-12
WO-1874,PR2,CO-5874,696,High,2025-06-24
WO-1875,PR4,CO-5875,1168,Medium,2024-03-13
WO-1876,PR1,CO-5876,352,Low,2024-11-14
WO-1877,PR3,CO-5877,320,Medium,2024-06-17
WO-1878,PR4,CO-5878,460,Medium,2025-01-12
WO-1879,PR2,CO-5879,1157,High,2024-10-31
WO-1880,PR1,CO-5880,1410,Low,2024-04-03
WO-1881,PR1,CO-5881,611,Low,2025-06-03
WO-1882,PR4,CO-5882,1981,Low,2024-02-06
WO-1883,PR4,CO-5883,223,High,2024-02-11
WO-1884,PR4,CO-5884,1110,Medium,2024-01-31
WO-1885,PR4,CO-5885,1119,Medium,2024-09-14
WO-1886,PR5,CO-5886,1778,Medium,2025-03-11
WO-1887,PR2,CO-5887,1978,High,2025-05-02
WO-1888,PR6,CO-5888,1892,Medium,2025-03-31
WO-1889,PR6,CO-5889,1778,Medium,2024-02-23
WO-1890,PR3,CO-5890,1538,Medium,2025-01-10
WO-1891,PR5,CO-5891,764,Medium,2024-02-03
WO-1892,PR5,CO-5892,884,Medium,2024-09-10
WO-1893,PR3,CO-5893,539,Medium,2025-02-23
WO-1894,PR2,CO-5894,1622,Medium,2024-03-23
WO-1895,PR6,CO-5895,310,Medium,2024-11-10
WO-1896,PR1,CO-5896,240,High,2025-04-09
WO-1897,PR3,CO-5897,66,High,2024-11-08
WO-1898,PR1,CO-5898,395,High,2025-02-21
WO-1899,PR5,CO-5899,1508,High,2024-07-02
WO-1900,PR6,CO-5900,719,Medium,2024-11-20
