delivery_id,supplier_id,material_id,scheduled_date,actual_date,delay_days,qty_ordered,qty_received
DEL-1,S1,MAT1,2024-01-01,2024-01-01,0,4107,4107
DEL-2,S1,MAT1,2024-01-08,2024-01-08,0,2687,2687
DEL-3,S1,MAT1,2024-01-15,2024-02-10,26,4178,3895
DEL-4,S1,MAT1,2024-01-22,2024-01-22,0,835,835
DEL-5,S1,MAT1,2024-01-29,2024-01-29,0,2502,2502
DEL-6,S1,MAT1,2024-02-05,2024-02-05,0,1843,1843
DEL-7,S1,MAT1,2024-02-12,2024-02-12,0,1883,1883
DEL-8,S1,MAT1,2024-02-19,2024-02-19,0,3232,3232
DEL-9,S1,MAT1,2024-02-26,2024-02-26,0,3342,3342
DEL-10,S1,MAT1,2024-03-04,2024-03-04,0,2153,2153
DEL-11,S1,MAT1,2024-03-11,2024-03-11,0,1200,1200
DEL-12,S1,MAT1,2024-03-18,2024-03-27,9,763,749
DEL-13,S1,MAT1,2024-03-25,2024-03-25,0,2149,2149
DEL-14,S1,MAT1,2024-04-01,2024-04-01,0,3169,3169
DEL-15,S1,MAT1,2024-04-08,2024-04-08,0,3773,3773
DEL-16,S1,MAT1,2024-04-15,2024-04-24,9,796,613
DEL-17,S1,MAT1,2024-04-22,2024-04-22,0,1560,1560
DEL-18,S1,MAT1,2024-04-29,2024-04-29,0,1588,1588
DEL-19,S1,MAT1,2024-05-06,2024-05-06,0,2277,2277
DEL-20,S1,MAT1,2024-05-13,2024-05-18,5,4478,3685
DEL-21,S1,MAT1,2024-05-20,2024-05-20,0,1340,1340
DEL-22,S1,MAT1,2024-05-27,2024-05-27,0,3966,3966
DEL-23,S1,MAT1,2024-06-03,2024-06-03,0,651,651
DEL-24,S1,MAT1,2024-06-10,2024-06-10,0,1153,1153
DEL-25,S1,MAT1,2024-06-17,2024-06-18,1,1934,1650
DEL-26,S1,MAT1,2024-06-24,2024-06-24,0,1433,1433
DEL-27,S1,MAT1,2024-07-01,2024-07-01,0,532,532
DEL-28,S1,MAT1,2024-07-08,2024-07-10,2,1974,1967
DEL-29,S1,MAT1,2024-07-15,2024-07-15,0,1847,1847
DEL-30,S1,MAT1,2024-07-22,2024-07-22,0,1632,1632
DEL-31,S1,MAT1,2024-07-29,2024-07-29,0,920,920
DEL-32,S1,MAT1,2024-08-05,2024-08-05,0,4823,4823
DEL-33,S1,MAT1,2024-08-12,2024-08-12,0,1539,1539
DEL-34,S1,MAT1,2024-08-19,2024-08-19,0,3406,3406
DEL-35,S1,MAT1,2024-08-26,2024-08-26,0,1177,1177
DEL-36,S1,MAT1,2024-09-02,2024-09-09,7,2981,2785
DEL-37,S1,MAT1,2024-09-09,2024-09-09,0,3747,3747
DEL-38,S1,MAT1,2024-09-16,2024-09-16,0,4417,4417
DEL-39,S1,MAT1,2024-09-23,2024-09-23,0,2157,2157
DEL-40,S1,MAT1,2024-09-30,2024-10-05,5,786,625
DEL-41,S1,MAT1,2024-10-07,2024-10-07,0,4897,4897
DEL-42,S1,MAT1,2024-10-14,2024-10-14,0,3760,3760
DEL-43,S1,MAT1,2024-10-21,2024-10-21,0,3940,3940
DEL-44,S1,MAT1,2024-10-28,2024-10-28,0,719,719
DEL-45,S1,MAT1,2024-11-04,2024-11-04,0,1777,1777
DEL-46,S1,MAT1,2024-11-11,2024-11-11,0,2940,2940
DEL-47,S1,MAT1,2024-11-18,2024-11-18,0,1099,1099
DEL-48,S1,MAT1,2024-11-25,2024-11-25,0,530,530
DEL-49,S1,MAT1,2024-12-02,2024-12-02,0,1615,1615
DEL-50,S1,MAT1,2024-12-09,2024-12-09,0,4094,4094
DEL-51,S1,MAT1,2024-12-16,2024-12-16,0,4131,4131
DEL-52,S1,MAT1,2024-12-23,2024-12-23,0,2176,2176
DEL-53,S1,MAT1,2024-12-30,2025-01-10,11,1986,1412
DEL-54,S1,MAT1,2025-01-06,2025-01-06,0,958,958
DEL-55,S1,MAT1,2025-01-13,2025-01-14,1,3151,2540
DEL-56,S1,MAT1,2025-01-20,2025-01-20,0,4181,4181
DEL-57,S1,MAT1,2025-01-27,2025-01-27,0,3492,3492
DEL-58,S1,MAT1,2025-02-03,2025-02-03,0,2799,2799
DEL-59,S1,MAT1,2025-02-10,2025-02-14,4,4469,3745
DEL-60,S1,MAT1,2025-02-17,2025-02-17,0,533,533
DEL-61,S1,MAT1,2025-02-24,2025-02-24,0,4312,4312
DEL-62,S1,MAT1,2025-03-03,2025-03-03,0,1933,1933
DEL-63,S1,MAT1,2025-03-10,2025-03-10,0,2328,2328
DEL-64,S1,MAT1,2025-03-17,2025-03-17,0,1211,1211
DEL-65,S1,MAT1,2025-03-24,2025-03-24,0,1620,1620
DEL-66,S1,MAT1,2025-03-31,2025-03-31,0,2468,2468
DEL-67,S1,MAT1,2025-04-07,2025-04-07,0,1586,1586
DEL-68,S1,MAT1,2025-04-14,2025-04-14,0,3116,3116
DEL-69,S1,MAT1,2025-04-21,2025-04-21,0,3387,3387
DEL-70,S1,MAT1,2025-04-28,2025-04-28,0,1799,1799
DEL-71,S1,MAT1,2025-05-05,2025-05-14,9,4812,4031
DEL-72,S1,MAT1,2025-05-12,2025-05-18,6,2073,1815
DEL-73,S1,MAT1,2025-05-19,2025-05-19,0,2245,2245
DEL-74,S1,MAT1,2025-05-26,2025-05-26,0,2517,2517
DEL-75,S1,MAT1,2025-06-02,2025-06-02,0,884,884
DEL-76,S1,MAT1,2025-06-09,2025-06-09,0,2569,2569
DEL-77,S1,MAT1,2025-06-16,2025-06-16,0,3390,3390
DEL-78,S1,MAT1,2025-06-23,2025-06-23,0,3035,3035
DEL-79,S1,MAT1,2025-06-30,2025-06-30,0,4753,4753
DEL-80,S2,MAT2,2024-01-01,2024-01-01,0,3740,3740
DEL-81,S2,MAT2,2024-01-08,2024-01-08,0,4466,4466
DEL-82,S2,MAT2,2024-01-15,2024-01-15,0,3591,3591
DEL-83,S2,MAT2,2024-01-22,2024-01-22,0,3687,3687
DEL-84,S2,MAT2,2024-01-29,2024-01-29,0,910,910
DEL-85,S2,MAT2,2024-02-05,2024-02-05,0,2970,2970
DEL-86,S2,MAT2,2024-02-12,2024-02-24,12,1924,1737
DEL-87,S2,MAT2,2024-02-19,2024-03-02,12,1982,1592
DEL-88,S2,MAT2,2024-02-26,2024-02-26,0,2593,2593
DEL-89,S2,MAT2,2024-03-04,2024-03-09,5,3033,2635
DEL-90,S2,MAT2,2024-03-11,2024-03-11,0,3518,3518
DEL-91,S2,MAT2,2024-03-18,2024-03-18,0,768,768
DEL-92,S2,MAT2,2024-03-25,2024-03-25,0,4324,4324
DEL-93,S2,MAT2,2024-04-01,2024-04-04,3,3716,3598
DEL-94,S2,MAT2,2024-04-08,2024-04-11,3,3054,2658
DEL-95,S2,MAT2,2024-04-15,2024-04-15,0,3598,3598
DEL-96,S2,MAT2,2024-04-22,2024-04-22,0,994,994
DEL-97,S2,MAT2,2024-04-29,2024-04-29,0,1353,1353
DEL-98,S2,MAT2,2024-05-06,2024-05-06,0,2740,2740
DEL-99,S2,MAT2,2024-05-13,2024-05-13,0,3106,3106
DEL-100,S2,MAT2,2024-05-20,2024-05-22,2,1155,1114
DEL-101,S2,MAT2,2024-05-27,2024-06-01,5,4008,3103
DEL-102,S2,MAT2,2024-06-03,2024-06-08,5,3358,2935
DEL-103,S2,MAT2,2024-06-10,2024-06-10,0,1447,1447
DEL-104,S2,MAT2,2024-06-17,2024-06-17,0,3584,3584
DEL-105,S2,MAT2,2024-06-24,2024-06-24,0,2444,2444
DEL-106,S2,MAT2,2024-07-01,2024-07-01,0,4889,4889
DEL-107,S2,MAT2,2024-07-08,2024-07-08,0,1184,1184
DEL-108,S2,MAT2,2024-07-15,2024-07-15,0,2425,2425
DEL-109,S2,MAT2,2024-07-22,2024-07-31,9,4309,3110
DEL-110,S2,MAT2,2024-07-29,2024-07-29,0,1693,1693
DEL-111,S2,MAT2,2024-08-05,2024-08-05,0,1720,1720
DEL-112,S2,MAT2,2024-08-12,2024-08-14,2,3201,2826
DEL-113,S2,MAT2,2024-08-19,2024-08-19,0,3965,3965
DEL-114,S2,MAT2,2024-08-26,2024-08-26,0,1886,1886
DEL-115,S2,MAT2,2024-09-02,2024-09-02,0,647,647
DEL-116,S2,MAT2,2024-09-09,2024-09-09,0,1556,1556
DEL-117,S2,MAT2,2024-09-16,2024-09-17,1,4328,3851
DEL-118,S2,MAT2,2024-09-23,2024-09-23,0,4103,4103
DEL-119,S2,MAT2,2024-09-30,2024-09-30,0,4280,4280
DEL-120,S2,MAT2,2024-10-07,2024-10-07,0,4042,4042
DEL-121,S2,MAT2,2024-10-14,2024-10-27,13,2317,2247
DEL-122,S2,MAT2,2024-10-21,2024-10-22,1,4175,3159
DEL-123,S2,MAT2,2024-10-28,2024-10-28,0,2454,2454
DEL-124,S2,MAT2,2024-11-04,2024-11-08,4,1639,1544
DEL-125,S2,MAT2,2024-11-11,2024-11-11,0,4110,4110
DEL-126,S2,MAT2,2024-11-18,2024-11-22,4,3085,2664
DEL-127,S2,MAT2,2024-11-25,2024-11-25,0,655,655
DEL-128,S2,MAT2,2024-12-02,2024-12-02,0,2314,2314
DEL-129,S2,MAT2,2024-12-09,2024-12-12,3,4137,3439
DEL-130,S2,MAT2,2024-12-16,2024-12-16,0,1813,1813
DEL-131,S2,MAT2,2024-12-23,2024-12-28,5,2639,1924
DEL-132,S2,MAT2,2024-12-30,2024-12-30,0,4485,4485
DEL-133,S2,MAT2,2025-01-06,2025-01-06,0,3469,3469
DEL-134,S2,MAT2,2025-01-13,2025-01-13,0,4829,4829
DEL-135,S2,MAT2,2025-01-20,2025-01-20,0,4285,4285
DEL-136,S2,MAT2,2025-01-27,2025-01-27,0,1899,1899
DEL-137,S2,MAT2,2025-02-03,2025-02-03,0,4733,4733
DEL-138,S2,MAT2,2025-02-10,2025-02-20,10,2068,1949
DEL-139,S2,MAT2,2025-02-17,2025-02-17,0,1384,1384
DEL-140,S2,MAT2,2025-02-24,2025-02-24,0,777,777
DEL-141,S2,MAT2,2025-03-03,2025-03-03,0,3227,3227
DEL-142,S2,MAT2,2025-03-10,2025-03-10,0,958,958
DEL-143,S2,MAT2,2025-03-17,2025-03-17,0,4680,4680
DEL-144,S2,MAT2,2025-03-24,2025-03-24,0,2473,2473
DEL-145,S2,MAT2,2025-03-31,2025-03-31,0,931,931
DEL-146,S2,MAT2,2025-04-07,2025-04-07,0,2663,2663
DEL-147,S2,MAT2,2025-04-14,2025-04-14,0,4231,4231
DEL-148,S2,MAT2,2025-04-21,2025-04-23,2,3946,3103
DEL-149,S2,MAT2,2025-04-28,2025-04-28,0,2253,2253
DEL-150,S2,MAT2,2025-05-05,2025-05-05,0,900,900
DEL-151,S2,MAT2,2025-05-12,2025-05-12,0,1943,1943
DEL-152,S2,MAT2,2025-05-19,2025-05-26,7,1881,1740
DEL-153,S2,MAT2,2025-05-26,2025-05-26,0,2718,2718
DEL-154,S2,MAT2,2025-06-02,2025-06-02,0,884,884
DEL-155,S2,MAT2,2025-06-09,2025-06-19,10,4816,4192
DEL-156,S2,MAT2,2025-06-16,2025-06-16,0,4527,4527
DEL-157,S2,MAT2,2025-06-23,2025-06-23,0,930,930
DEL-158,S2,MAT2,2025-06-30,2025-06-30,0,3813,3813
DEL-159,S3,MAT3,2024-01-01,2024-01-01,0,995,995
DEL-160,S3,MAT3,2024-01-08,2024-01-08,0,879,879
DEL-161,S3,MAT3,2024-01-15,2024-01-15,0,3450,3450
DEL-162,S3,MAT3,2024-01-22,2024-01-22,0,3729,3729
DEL-163,S3,MAT3,2024-01-29,2024-01-29,0,4554,4554
DEL-164,S3,MAT3,2024-02-05,2024-02-05,0,2727,2727
DEL-165,S3,MAT3,2024-02-12,2024-02-12,0,2280,2280
DEL-166,S3,MAT3,2024-02-19,2024-02-19,0,3795,3795
DEL-167,S3,MAT3,2024-02-26,2024-02-26,0,1260,1260
DEL-168,S3,MAT3,2024-03-04,2024-03-06,2,1254,902
DEL-169,S3,MAT3,2024-03-11,2024-03-11,0,1668,1668
DEL-170,S3,MAT3,2024-03-18,2024-03-18,0,2620,2620
DEL-171,S3,MAT3,2024-03-25,2024-03-25,0,4027,4027
DEL-172,S3,MAT3,2024-04-01,2024-04-03,2,3693,2629
DEL-173,S3,MAT3,2024-04-08,2024-04-08,0,1435,1435
DEL-174,S3,MAT3,2024-04-15,2024-04-15,0,540,540
DEL-175,S3,MAT3,2024-04-22,2024-04-22,0,2933,2933
DEL-176,S3,MAT3,2024-04-29,2024-04-29,0,1749,1749
DEL-177,S3,MAT3,2024-05-06,2024-05-10,4,2705,2267
DEL-178,S3,MAT3,2024-05-13,2024-05-13,0,3553,3553
DEL-179,S3,MAT3,2024-05-20,2024-05-20,0,3607,3607
DEL-180,S3,MAT3,2024-05-27,2024-05-27,0,1943,1943
DEL-181,S3,MAT3,2024-06-03,2024-06-03,0,3002,3002
DEL-182,S3,MAT3,2024-06-10,2024-06-10,0,4031,4031
DEL-183,S3,MAT3,2024-06-17,2024-06-17,0,947,947
DEL-184,S3,MAT3,2024-06-24,2024-06-24,0,3833,3833
DEL-185,S3,MAT3,2024-07-01,2024-07-14,13,2634,2289
DEL-186,S3,MAT3,2024-07-08,2024-07-08,0,868,868
DEL-187,S3,MAT3,2024-07-15,2024-07-15,0,4172,4172
DEL-188,S3,MAT3,2024-07-22,2024-07-22,0,3758,3758
DEL-189,S3,MAT3,2024-07-29,2024-07-29,0,719,719
DEL-190,S3,MAT3,2024-08-05,2024-08-22,17,2977,2865
DEL-191,S3,MAT3,2024-08-12,2024-08-12,0,1870,1870
DEL-192,S3,MAT3,2024-08-19,2024-08-19,0,1796,1796
DEL-193,S3,MAT3,2024-08-26,2024-08-26,0,772,772
DEL-194,S3,MAT3,2024-09-02,2024-09-14,12,1500,1057
DEL-195,S3,MAT3,2024-09-09,2024-09-09,0,4554,4554
DEL-196,S3,MAT3,2024-09-16,2024-09-16,0,2790,2790
DEL-197,S3,MAT3,2024-09-23,2024-09-23,0,2808,2808
DEL-198,S3,MAT3,2024-09-30,2024-09-30,0,2887,2887
DEL-199,S3,MAT3,2024-10-07,2024-10-07,0,4981,4981
DEL-200,S3,MAT3,2024-10-14,2024-10-14,0,3591,3591
DEL-201,S3,MAT3,2024-10-21,2024-10-21,0,3537,3537
DEL-202,S3,MAT3,2024-10-28,2024-10-28,0,3514,3514
DEL-203,S3,MAT3,2024-11-04,2024-11-12,8,1936,1897
DEL-204,S3,MAT3,2024-11-11,2024-11-11,0,2037,2037
DEL-205,S3,MAT3,2024-11-18,2024-11-18,0,4929,4929
DEL-206,S3,MAT3,2024-11-25,2024-11-29,4,3303,2463
DEL-207,S3,MAT3,2024-12-02,2024-12-02,0,799,799
DEL-208,S3,MAT3,2024-12-09,2024-12-17,8,4723,4311
DEL-209,S3,MAT3,2024-12-16,2024-12-16,0,4649,4649
DEL-210,S3,MAT3,2024-12-23,2024-12-23,0,1449,1449
DEL-211,S3,MAT3,2024-12-30,2024-12-30,0,1152,1152
DEL-212,S3,MAT3,2025-01-06,2025-01-13,7,4026,3663
DEL-213,S3,MAT3,2025-01-13,2025-01-13,0,2630,2630
DEL-214,S3,MAT3,2025-01-20,2025-01-20,0,4593,4593
DEL-215,S3,MAT3,2025-01-27,2025-02-05,9,1776,1597
DEL-216,S3,MAT3,2025-02-03,2025-02-03,0,3347,3347
DEL-217,S3,MAT3,2025-02-10,2025-02-14,4,3230,3011
DEL-218,S3,MAT3,2025-02-17,2025-02-17,0,3182,3182
DEL-219,S3,MAT3,2025-02-24,2025-02-24,0,4931,4931
DEL-220,S3,MAT3,2025-03-03,2025-03-03,0,2718,2718
DEL-221,S3,MAT3,2025-03-10,2025-03-10,0,925,925
DEL-222,S3,MAT3,2025-03-17,2025-03-17,0,1749,1749
DEL-223,S3,MAT3,2025-03-24,2025-03-29,5,4785,3671
DEL-224,S3,MAT3,2025-03-31,2025-03-31,0,3256,3256
DEL-225,S3,MAT3,2025-04-07,2025-04-07,0,2510,2510
DEL-226,S3,MAT3,2025-04-14,2025-04-14,0,2729,2729
DEL-227,S3,MAT3,2025-04-21,2025-04-21,0,2440,2440
DEL-228,S3,MAT3,2025-04-28,2025-04-28,0,4269,4269
DEL-229,S3,MAT3,2025-05-05,2025-05-05,0,2409,2409
DEL-230,S3,MAT3,2025-05-12,2025-05-12,0,1334,1334
DEL-231,S3,MAT3,2025-05-19,2025-05-19,0,3029,3029
DEL-232,S3,MAT3,2025-05-26,2025-06-05,10,675,622
DEL-233,S3,MAT3,2025-06-02,2025-06-02,0,2316,2316
DEL-234,S3,MAT3,2025-06-09,2025-06-09,0,3440,3440
DEL-235,S3,MAT3,2025-06-16,2025-06-16,0,2795,2795
DEL-236,S3,MAT3,2025-06-23,2025-06-27,4,631,562
DEL-237,S3,MAT3,2025-06-30,2025-06-30,0,2663,2663
DEL-238,S4,MAT4,2024-01-01,2024-01-01,0,3235,3235
DEL-239,S4,MAT4,2024-01-08,2024-01-08,0,1851,1851
DEL-240,S4,MAT4,2024-01-15,2024-01-15,0,2031,2031
DEL-241,S4,MAT4,2024-01-22,2024-01-22,0,1412,1412
DEL-242,S4,MAT4,2024-01-29,2024-01-29,0,3224,3224
DEL-243,S4,MAT4,2024-02-05,2024-02-06,1,1617,1409
DEL-244,S4,MAT4,2024-02-12,2024-02-12,0,4286,4286
DEL-245,S4,MAT4,2024-02-19,2024-02-19,0,3038,3038
DEL-246,S4,MAT4,2024-02-26,2024-02-26,0,4226,4226
DEL-247,S4,MAT4,2024-03-04,2024-03-04,0,3289,3289
DEL-248,S4,MAT4,2024-03-11,2024-03-11,0,1942,1942
DEL-249,S4,MAT4,2024-03-18,2024-03-18,0,2830,2830
DEL-250,S4,MAT4,2024-03-25,2024-03-25,0,1015,1015
DEL-251,S4,MAT4,2024-04-01,2024-04-01,0,4506,4506
DEL-252,S4,MAT4,2024-04-08,2024-04-08,0,1452,1452
DEL-253,S4,MAT4,2024-04-15,2024-04-15,0,1749,1749
DEL-254,S4,MAT4,2024-04-22,2024-04-24,2,2189,1940
DEL-255,S4,MAT4,2024-04-29,2024-04-29,0,2359,2359
DEL-256,S4,MAT4,2024-05-06,2024-05-06,0,1686,1686
DEL-257,S4,MAT4,2024-05-13,2024-05-13,0,3398,3398
DEL-258,S4,MAT4,2024-05-20,2024-05-20,0,1156,1156
DEL-259,S4,MAT4,2024-05-27,2024-05-27,0,4846,4846
DEL-260,S4,MAT4,2024-06-03,2024-06-03,0,2174,2174
DEL-261,S4,MAT4,2024-06-10,2024-06-10,0,521,521
DEL-262,S4,MAT4,2024-06-17,2024-06-17,0,3163,3163
DEL-263,S4,MAT4,2024-06-24,2024-06-24,0,4359,4359
DEL-264,S4,MAT4,2024-07-01,2024-07-01,0,2928,2928
DEL-265,S4,MAT4,2024-07-08,2024-07-08,0,4854,4854
DEL-266,S4,MAT4,2024-07-15,2024-07-15,0,3776,3776
DEL-267,S4,MAT4,2024-07-22,2024-07-22,0,1424,1424
DEL-268,S4,MAT4,2024-07-29,2024-07-29,0,3414,3414
DEL-269,S4,MAT4,2024-08-05,2024-08-05,0,2402,2402
DEL-270,S4,MAT4,2024-08-12,2024-08-12,0,859,859
DEL-271,S4,MAT4,2024-08-19,2024-08-19,0,2698,2698
DEL-272,S4,MAT4,2024-08-26,2024-08-26,0,1773,1773
DEL-273,S4,MAT4,2024-09-02,2024-09-02,0,2246,2246
DEL-274,S4,MAT4,2024-09-09,2024-09-09,0,4818,4818
DEL-275,S4,MAT4,2024-09-16,2024-09-16,0,4796,4796
DEL-276,S4,MAT4,2024-09-23,2024-09-23,0,2823,2823
DEL-277,S4,MAT4,2024-09-30,2024-09-30,0,1635,1635
DEL-278,S4,MAT4,2024-10-07,2024-10-12,5,4872,3953
DEL-279,S4,MAT4,2024-10-14,2024-10-14,0,2758,2758
DEL-280,S4,MAT4,2024-10-21,2024-10-21,0,3124,3124
DEL-281,S4,MAT4,2024-10-28,2024-10-28,0,3908,3908
DEL-282,S4,MAT4,2024-11-04,2024-11-12,8,4653,4465
DEL-283,S4,MAT4,2024-11-11,2024-11-11,0,4819,4819
DEL-284,S4,MAT4,2024-11-18,2024-11-18,0,2078,2078
DEL-285,S4,MAT4,2024-11-25,2024-11-25,0,3560,3560
DEL-286,S4,MAT4,2024-12-02,2024-12-02,0,4427,4427
DEL-287,S4,MAT4,2024-12-09,2024-12-09,0,4511,4511
DEL-288,S4,MAT4,2024-12-16,2024-12-26,10,3095,2446
DEL-289,S4,MAT4,2024-12-23,2025-01-01,9,2769,2601
DEL-290,S4,MAT4,2024-12-30,2024-12-30,0,2915,2915
DEL-291,S4,MAT4,2025-01-06,2025-01-06,0,745,745
DEL-292,S4,MAT4,2025-01-13,2025-01-13,0,4942,4942
DEL-293,S4,MAT4,2025-01-20,2025-01-20,0,3106,3106
DEL-294,S4,MAT4,2025-01-27,2025-01-31,4,4577,3453
DEL-295,S4,MAT4,2025-02-03,2025-02-03,0,4010,4010
DEL-296,S4,MAT4,2025-02-10,2025-02-10,0,4597,4597
DEL-297,S4,MAT4,2025-02-17,2025-02-17,0,3304,3304
DEL-298,S4,MAT4,2025-02-24,2025-02-24,0,610,610
DEL-299,S4,MAT4,2025-03-03,2025-03-03,0,3480,3480
DEL-300,S4,MAT4,2025-03-10,2025-03-10,0,2813,2813
DEL-301,S4,MAT4,2025-03-17,2025-03-17,0,2462,2462
DEL-302,S4,MAT4,2025-03-24,2025-03-24,0,867,867
DEL-303,S4,MAT4,2025-03-31,2025-04-06,6,3569,3507
DEL-304,S4,MAT4,2025-04-07,2025-04-07,0,4797,4797
DEL-305,S4,MAT4,2025-04-14,2025-04-14,0,678,678
DEL-306,S4,MAT4,2025-04-21,2025-04-23,2,1364,1050
DEL-307,S4,MAT4,2025-04-28,2025-04-28,0,4871,4871
DEL-308,S4,MAT4,2025-05-05,2025-05-05,0,2512,2512
DEL-309,S4,MAT4,2025-05-12,2025-05-12,0,1590,1590
DEL-310,S4,MAT4,2025-05-19,2025-05-25,6,2830,2625
DEL-311,S4,MAT4,2025-05-26,2025-05-26,0,3012,3012
DEL-312,S4,MAT4,2025-06-02,2025-06-02,0,2497,2497
DEL-313,S4,MAT4,2025-06-09,2025-06-09,0,4225,4225
DEL-314,S4,MAT4,2025-06-16,2025-06-25,9,2634,2305
DEL-315,S4,MAT4,2025-06-23,2025-07-07,14,3988,2820
DEL-316,S4,MAT4,2025-06-30,2025-07-08,8,2582,1903
DEL-317,S5,MAT5,2024-01-01,2024-01-01,0,4228,4228
DEL-318,S5,MAT5,2024-01-08,2024-01-08,0,1555,1555
DEL-319,S5,MAT5,2024-01-15,2024-01-25,10,1344,1140
DEL-320,S5,MAT5,2024-01-22,2024-01-22,0,2634,2634
DEL-321,S5,MAT5,2024-01-29,2024-01-29,0,1530,1530
DEL-322,S5,MAT5,2024-02-05,2024-02-05,0,897,897
DEL-323,S5,MAT5,2024-02-12,2024-02-12,0,4170,4170
DEL-324,S5,MAT5,2024-02-19,2024-02-23,4,1515,1474
DEL-325,S5,MAT5,2024-02-26,2024-02-26,0,846,846
DEL-326,S5,MAT5,2024-03-04,2024-03-05,1,1888,1453
DEL-327,S5,MAT5,2024-03-11,2024-03-11,0,2325,2325
DEL-328,S5,MAT5,2024-03-18,2024-03-18,0,4861,4861
DEL-329,S5,MAT5,2024-03-25,2024-03-25,0,2706,2706
DEL-330,S5,MAT5,2024-04-01,2024-04-01,0,2159,2159
DEL-331,S5,MAT5,2024-04-08,2024-04-08,0,4062,4062
DEL-332,S5,MAT5,2024-04-15,2024-04-15,0,3714,3714
DEL-333,S5,MAT5,2024-04-22,2024-04-25,3,3842,3609
DEL-334,S5,MAT5,2024-04-29,2024-05-09,10,2246,1780
DEL-335,S5,MAT5,2024-05-06,2024-05-10,4,4460,3615
DEL-336,S5,MAT5,2024-05-13,2024-05-13,0,1451,1451
DEL-337,S5,MAT5,2024-05-20,2024-05-28,8,2655,1867
DEL-338,S5,MAT5,2024-05-27,2024-06-02,6,3244,2471
DEL-339,S5,MAT5,2024-06-03,2024-06-03,0,2550,2550
DEL-340,S5,MAT5,2024-06-10,2024-06-10,0,2621,2621
DEL-341,S5,MAT5,2024-06-17,2024-06-20,3,820,689
DEL-342,S5,MAT5,2024-06-24,2024-06-24,0,1402,1402
DEL-343,S5,MAT5,2024-07-01,2024-07-03,2,4051,2936
DEL-344,S5,MAT5,2024-07-08,2024-07-08,0,1419,1419
DEL-345,S5,MAT5,2024-07-15,2024-07-15,0,771,771
DEL-346,S5,MAT5,2024-07-22,2024-07-24,2,4504,3979
DEL-347,S5,MAT5,2024-07-29,2024-07-29,0,2096,2096
DEL-348,S5,MAT5,2024-08-05,2024-08-05,0,2774,2774
DEL-349,S5,MAT5,2024-08-12,2024-08-20,8,556,481
DEL-350,S5,MAT5,2024-08-19,2024-08-19,0,2829,2829
DEL-351,S5,MAT5,2024-08-26,2024-08-26,0,1974,1974
DEL-352,S5,MAT5,2024-09-02,2024-09-02,0,505,505
DEL-353,S5,MAT5,2024-09-09,2024-09-11,2,4909,3856
DEL-354,S5,MAT5,2024-09-16,2024-09-19,3,3347,2856
DEL-355,S5,MAT5,2024-09-23,2024-09-23,0,3533,3533
DEL-356,S5,MAT5,2024-09-30,2024-10-07,7,4407,3643
DEL-357,S5,MAT5,2024-10-07,2024-10-19,12,1327,1007
DEL-358,S5,MAT5,2024-10-14,2024-10-14,0,4607,4607
DEL-359,S5,MAT5,2024-10-21,2024-10-27,6,913,666
DEL-360,S5,MAT5,2024-10-28,2024-10-28,0,4729,4729
DEL-361,S5,MAT5,2024-11-04,2024-11-07,3,1577,1275
DEL-362,S5,MAT5,2024-11-11,2024-11-13,2,657,561
DEL-363,S5,MAT5,2024-11-18,2024-11-22,4,4782,4585
DEL-364,S5,MAT5,2024-11-25,2024-11-28,3,4256,3829
DEL-365,S5,MAT5,2024-12-02,2024-12-02,0,3104,3104
DEL-366,S5,MAT5,2024-12-09,2024-12-09,0,4671,4671
DEL-367,S5,MAT5,2024-12-16,2024-12-22,6,3407,2682
DEL-368,S5,MAT5,2024-12-23,2024-12-23,0,1632,1632
DEL-369,S5,MAT5,2024-12-30,2024-12-30,0,2158,2158
DEL-370,S5,MAT5,2025-01-06,2025-01-06,0,3172,3172
DEL-371,S5,MAT5,2025-01-13,2025-01-13,0,1188,1188
DEL-372,S5,MAT5,2025-01-20,2025-01-20,0,3192,3192
DEL-373,S5,MAT5,2025-01-27,2025-01-27,0,632,632
DEL-374,S5,MAT5,2025-02-03,2025-02-03,0,2096,2096
DEL-375,S5,MAT5,2025-02-10,2025-02-10,0,1533,1533
DEL-376,S5,MAT5,2025-02-17,2025-02-17,0,1540,1540
DEL-377,S5,MAT5,2025-02-24,2025-02-26,2,3331,3230
DEL-378,S5,MAT5,2025-03-03,2025-03-12,9,3934,2822
DEL-379,S5,MAT5,2025-03-10,2025-03-10,0,3961,3961
DEL-380,S5,MAT5,2025-03-17,2025-03-17,0,2864,2864
DEL-381,S5,MAT5,2025-03-24,2025-03-28,4,4323,3240
DEL-382,S5,MAT5,2025-03-31,2025-04-03,3,1987,1578
DEL-383,S5,MAT5,2025-04-07,2025-04-07,0,2083,2083
DEL-384,S5,MAT5,2025-04-14,2025-04-14,0,3350,3350
DEL-385,S5,MAT5,2025-04-21,2025-04-30,9,4638,3771
DEL-386,S5,MAT5,2025-04-28,2025-04-28,0,4691,4691
DEL-387,S5,MAT5,2025-05-05,2025-05-05,0,1576,1576
DEL-388,S5,MAT5,2025-05-12,2025-05-12,0,2028,2028
DEL-389,S5,MAT5,2025-05-19,2025-05-25,6,3633,2914
DEL-390,S5,MAT5,2025-05-26,2025-05-26,0,3141,3141
DEL-391,S5,MAT5,2025-06-02,2025-06-13,11,4212,3263
DEL-392,S5,MAT5,2025-06-09,2025-06-09,0,2729,2729
DEL-393,S5,MAT5,2025-06-16,2025-06-24,8,1708,1598
DEL-394,S5,MAT5,2025-06-23,2025-06-29,6,2401,1768
DEL-395,S5,MAT5,2025-06-30,2025-06-30,0,2845,2845
DEL-396,S6,MAT6,2024-01-01,2024-01-13,12,1058,892
DEL-397,S6,MAT6,2024-01-08,2024-01-08,0,3692,3692
DEL-398,S6,MAT6,2024-01-15,2024-01-15,0,4293,4293
DEL-399,S6,MAT6,2024-01-22,2024-01-22,0,1860,1860
DEL-400,S6,MAT6,2024-01-29,2024-01-29,0,2189,2189
DEL-401,S6,MAT6,2024-02-05,2024-02-05,0,3618,3618
DEL-402,S6,MAT6,2024-02-12,2024-02-12,0,2837,2837
DEL-403,S6,MAT6,2024-02-19,2024-02-19,0,1293,1293
DEL-404,S6,MAT6,2024-02-26,2024-02-26,0,2135,2135
DEL-405,S6,MAT6,2024-03-04,2024-03-07,3,2858,2512
DEL-406,S6,MAT6,2024-03-11,2024-03-20,9,3071,2720
DEL-407,S6,MAT6,2024-03-18,2024-03-22,4,3965,3606
DEL-408,S6,MAT6,2024-03-25,2024-03-25,0,1318,1318
DEL-409,S6,MAT6,2024-04-01,2024-04-01,0,3923,3923
DEL-410,S6,MAT6,2024-04-08,2024-04-08,0,900,900
DEL-411,S6,MAT6,2024-04-15,2024-04-15,0,1034,1034
DEL-412,S6,MAT6,2024-04-22,2024-04-22,0,2390,2390
DEL-413,S6,MAT6,2024-04-29,2024-04-29,0,4560,4560
DEL-414,S6,MAT6,2024-05-06,2024-05-06,0,2145,2145
DEL-415,S6,MAT6,2024-05-13,2024-05-16,3,2317,1845
DEL-416,S6,MAT6,2024-05-20,2024-05-23,3,3595,2936
DEL-417,S6,MAT6,2024-05-27,2024-05-30,3,941,898
DEL-418,S6,MAT6,2024-06-03,2024-06-03,0,1573,1573
DEL-419,S6,MAT6,2024-06-10,2024-06-10,0,3283,3283
DEL-420,S6,MAT6,2024-06-17,2024-06-26,9,3147,3058
DEL-421,S6,MAT6,2024-06-24,2024-06-29,5,4314,3110
DEL-422,S6,MAT6,2024-07-01,2024-07-01,0,1194,1194
DEL-423,S6,MAT6,2024-07-08,2024-07-08,0,1882,1882
DEL-424,S6,MAT6,2024-07-15,2024-07-15,0,1993,1993
DEL-425,S6,MAT6,2024-07-22,2024-07-22,0,1672,1672
DEL-426,S6,MAT6,2024-07-29,2024-07-29,0,4987,4987
DEL-427,S6,MAT6,2024-08-05,2024-08-05,0,535,535
DEL-428,S6,MAT6,2024-08-12,2024-08-12,0,1482,1482
DEL-429,S6,MAT6,2024-08-19,2024-08-19,0,4906,4906
DEL-430,S6,MAT6,2024-08-26,2024-09-13,18,3642,3182
DEL-431,S6,MAT6,2024-09-02,2024-09-02,0,3153,3153
DEL-432,S6,MAT6,2024-09-09,2024-09-09,0,518,518
DEL-433,S6,MAT6,2024-09-16,2024-09-16,0,1843,1843
DEL-434,S6,MAT6,2024-09-23,2024-09-23,0,3572,3572
DEL-435,S6,MAT6,2024-09-30,2024-10-14,14,1365,1118
DEL-436,S6,MAT6,2024-10-07,2024-10-07,0,3816,3816
DEL-437,S6,MAT6,2024-10-14,2024-10-14,0,2416,2416
DEL-438,S6,MAT6,2024-10-21,2024-10-21,0,3563,3563
DEL-439,S6,MAT6,2024-10-28,2024-10-28,0,4924,4924
DEL-440,S6,MAT6,2024-11-04,2024-11-04,0,4481,4481
DEL-441,S6,MAT6,2024-11-11,2024-11-29,18,2056,1579
DEL-442,S6,MAT6,2024-11-18,2024-11-20,2,1437,1360
DEL-443,S6,MAT6,2024-11-25,2024-11-25,0,650,650
DEL-444,S6,MAT6,2024-12-02,2024-12-02,0,4195,4195
DEL-445,S6,MAT6,2024-12-09,2024-12-20,11,2909,2637
DEL-446,S6,MAT6,2024-12-16,2024-12-16,0,3625,3625
DEL-447,S6,MAT6,2024-12-23,2024-12-23,0,1789,1789
DEL-448,S6,MAT6,2024-12-30,2024-12-30,0,4047,4047
DEL-449,S6,MAT6,2025-01-06,2025-01-06,0,608,608
DEL-450,S6,MAT6,2025-01-13,2025-01-13,0,2867,2867
DEL-451,S6,MAT6,2025-01-20,2025-01-26,6,3134,2449
DEL-452,S6,MAT6,2025-01-27,2025-01-27,0,3783,3783
DEL-453,S6,MAT6,2025-02-03,2025-02-03,0,1145,1145
DEL-454,S6,MAT6,2025-02-10,2025-02-10,0,2966,2966
DEL-455,S6,MAT6,2025-02-17,2025-02-17,0,3377,3377
DEL-456,S6,MAT6,2025-02-24,2025-02-28,4,4007,3916
DEL-457,S6,MAT6,2025-03-03,2025-03-03,0,3731,3731
DEL-458,S6,MAT6,2025-03-10,2025-03-10,0,4431,4431
DEL-459,S6,MAT6,2025-03-17,2025-03-17,0,3626,3626
DEL-460,S6,MAT6,2025-03-24,2025-03-24,0,1990,1990
DEL-461,S6,MAT6,2025-03-31,2025-03-31,0,2818,2818
DEL-462,S6,MAT6,2025-04-07,2025-05-02,25,3321,2959
DEL-463,S6,MAT6,2025-04-14,2025-04-14,0,2699,2699
DEL-464,S6,MAT6,2025-04-21,2025-04-21,0,3326,3326
DEL-465,S6,MAT6,2025-04-28,2025-04-28,0,2218,2218
DEL-466,S6,MAT6,2025-05-05,2025-05-05,0,2834,2834
DEL-467,S6,MAT6,2025-05-12,2025-05-12,0,669,669
DEL-468,S6,MAT6,2025-05-19,2025-06-04,16,3776,2927
DEL-469,S6,MAT6,2025-05-26,2025-05-26,0,1061,1061
DEL-470,S6,MAT6,2025-06-02,2025-06-02,0,1644,1644
DEL-471,S6,MAT6,2025-06-09,2025-06-22,13,1620,1586
DEL-472,S6,MAT6,2025-06-16,2025-06-26,10,3213,2914
DEL-473,S6,MAT6,2025-06-23,2025-06-23,0,1365,1365
DEL-474,S6,MAT6,2025-06-30,2025-07-05,5,3408,3064
DEL-475,S7,MAT7,2024-01-01,2024-01-01,0,1591,1591
DEL-476,S7,MAT7,2024-01-08,2024-01-08,0,1818,1818
DEL-477,S7,MAT7,2024-01-15,2024-01-18,3,1446,1193
DEL-478,S7,MAT7,2024-01-22,2024-01-22,0,3729,3729
DEL-479,S7,MAT7,2024-01-29,2024-01-29,0,3609,3609
DEL-480,S7,MAT7,2024-02-05,2024-02-05,0,2523,2523
DEL-481,S7,MAT7,2024-02-12,2024-02-12,0,3299,3299
DEL-482,S7,MAT7,2024-02-19,2024-02-19,0,4674,4674
DEL-483,S7,MAT7,2024-02-26,2024-02-29,3,721,576
DEL-484,S7,MAT7,2024-03-04,2024-03-11,7,1699,1339
DEL-485,S7,MAT7,2024-03-11,2024-03-11,0,1676,1676
DEL-486,S7,MAT7,2024-03-18,2024-03-26,8,1859,1508
DEL-487,S7,MAT7,2024-03-25,2024-03-31,6,4932,4918
DEL-488,S7,MAT7,2024-04-01,2024-04-01,0,4044,4044
DEL-489,S7,MAT7,2024-04-08,2024-04-08,0,2050,2050
DEL-490,S7,MAT7,2024-04-15,2024-04-15,0,2188,2188
DEL-491,S7,MAT7,2024-04-22,2024-04-22,0,4028,4028
DEL-492,S7,MAT7,2024-04-29,2024-04-29,0,2238,2238
DEL-493,S7,MAT7,2024-05-06,2024-05-06,0,2825,2825
DEL-494,S7,MAT7,2024-05-13,2024-05-13,0,3012,3012
DEL-495,S7,MAT7,2024-05-20,2024-05-20,0,551,551
DEL-496,S7,MAT7,2024-05-27,2024-05-27,0,3162,3162
DEL-497,S7,MAT7,2024-06-03,2024-06-03,0,3733,3733
DEL-498,S7,MAT7,2024-06-10,2024-06-10,0,3565,3565
DEL-499,S7,MAT7,2024-06-17,2024-06-17,0,4579,4579
DEL-500,S7,MAT7,2024-06-24,2024-06-24,0,4071,4071
DEL-501,S7,MAT7,2024-07-01,2024-07-01,0,2091,2091
DEL-502,S7,MAT7,2024-07-08,2024-07-08,0,4212,4212
DEL-503,S7,MAT7,2024-07-15,2024-07-15,0,4757,4757
DEL-504,S7,MAT7,2024-07-22,2024-07-22,0,4194,4194
DEL-505,S7,MAT7,2024-07-29,2024-07-29,0,1012,1012
DEL-506,S7,MAT7,2024-08-05,2024-08-05,0,4260,4260
DEL-507,S7,MAT7,2024-08-12,2024-08-12,0,3333,3333
DEL-508,S7,MAT7,2024-08-19,2024-08-19,0,3411,3411
DEL-509,S7,MAT7,2024-08-26,2024-09-08,13,2381,1872
DEL-510,S7,MAT7,2024-09-02,2024-09-02,0,3407,3407
DEL-511,S7,MAT7,2024-09-09,2024-09-10,1,3502,2920
DEL-512,S7,MAT7,2024-09-16,2024-09-20,4,4905,3670
DEL-513,S7,MAT7,2024-09-23,2024-09-23,0,3863,3863
DEL-514,S7,MAT7,2024-09-30,2024-09-30,0,1241,1241
DEL-515,S7,MAT7,2024-10-07,2024-10-07,0,1018,1018
DEL-516,S7,MAT7,2024-10-14,2024-10-14,0,4337,4337
DEL-517,S7,MAT7,2024-10-21,2024-10-21,0,1383,1383
DEL-518,S7,MAT7,2024-10-28,2024-11-05,8,4882,4765
DEL-519,S7,MAT7,2024-11-04,2024-11-09,5,4020,3764
DEL-520,S7,MAT7,2024-11-11,2024-11-11,0,3543,3543
DEL-521,S7,MAT7,2024-11-18,2024-11-18,0,1793,1793
DEL-522,S7,MAT7,2024-11-25,2024-11-25,0,3419,3419
DEL-523,S7,MAT7,2024-12-02,2024-12-02,0,1916,1916
DEL-524,S7,MAT7,2024-12-09,2024-12-09,0,1557,1557
DEL-525,S7,MAT7,2024-12-16,2025-01-07,22,3260,2458
DEL-526,S7,MAT7,2024-12-23,2024-12-23,0,2629,2629
DEL-527,S7,MAT7,2024-12-30,2025-01-06,7,1238,1109
DEL-528,S7,MAT7,2025-01-06,2025-01-06,0,4470,4470
DEL-529,S7,MAT7,2025-01-13,2025-01-13,0,2559,2559
DEL-530,S7,MAT7,2025-01-20,2025-01-20,0,2140,2140
DEL-531,S7,MAT7,2025-01-27,2025-01-27,0,4962,4962
DEL-532,S7,MAT7,2025-02-03,2025-02-03,0,3403,3403
DEL-533,S7,MAT7,2025-02-10,2025-02-10,0,4623,4623
DEL-534,S7,MAT7,2025-02-17,2025-02-17,0,1152,1152
DEL-535,S7,MAT7,2025-02-24,2025-02-24,0,1296,1296
DEL-536,S7,MAT7,2025-03-03,2025-03-03,0,3350,3350
DEL-537,S7,MAT7,2025-03-10,2025-03-10,0,3180,3180
DEL-538,S7,MAT7,2025-03-17,2025-03-17,0,3036,3036
DEL-539,S7,MAT7,2025-03-24,2025-04-06,13,1241,1138
DEL-540,S7,MAT7,2025-03-31,2025-04-08,8,3354,3187
DEL-541,S7,MAT7,2025-04-07,2025-04-07,0,4164,4164
DEL-542,S7,MAT7,2025-04-14,2025-04-14,0,4054,4054
DEL-543,S7,MAT7,2025-04-21,2025-04-21,0,3016,3016
DEL-544,S7,MAT7,2025-04-28,2025-05-06,8,2105,2006
DEL-545,S7,MAT7,2025-05-05,2025-05-08,3,3391,2989
DEL-546,S7,MAT7,2025-05-12,2025-05-12,0,1078,1078
DEL-547,S7,MAT7,2025-05-19,2025-06-04,16,1524,1227
DEL-548,S7,MAT7,2025-05-26,2025-05-30,4,4562,4168
DEL-549,S7,MAT7,2025-06-02,2025-06-08,6,4628,3575
DEL-550,S7,MAT7,2025-06-09,2025-06-17,8,4605,4128
DEL-551,S7,MAT7,2025-06-16,2025-06-18,2,4597,3893
DEL-552,S7,MAT7,2025-06-23,2025-06-23,0,646,646
DEL-553,S7,MAT7,2025-06-30,2025-06-30,0,675,675
DEL-554,S8,MAT8,2024-01-01,2024-01-01,0,3790,3790
DEL-555,S8,MAT8,2024-01-08,2024-01-08,0,1315,1315
DEL-556,S8,MAT8,2024-01-15,2024-01-15,0,4057,4057
DEL-557,S8,MAT8,2024-01-22,2024-01-26,4,548,522
DEL-558,S8,MAT8,2024-01-29,2024-01-29,0,606,606
DEL-559,S8,MAT8,2024-02-05,2024-02-16,11,1304,1207
DEL-560,S8,MAT8,2024-02-12,2024-02-16,4,3374,3237
DEL-561,S8,MAT8,2024-02-19,2024-02-19,0,4289,4289
DEL-562,S8,MAT8,2024-02-26,2024-02-26,0,1986,1986
DEL-563,S8,MAT8,2024-03-04,2024-03-04,0,1351,1351
DEL-564,S8,MAT8,2024-03-11,2024-03-14,3,1958,1414
DEL-565,S8,MAT8,2024-03-18,2024-03-18,0,1876,1876
DEL-566,S8,MAT8,2024-03-25,2024-03-25,0,2262,2262
DEL-567,S8,MAT8,2024-04-01,2024-04-05,4,1106,778
DEL-568,S8,MAT8,2024-04-08,2024-04-08,0,1850,1850
DEL-569,S8,MAT8,2024-04-15,2024-04-19,4,2687,1920
DEL-570,S8,MAT8,2024-04-22,2024-04-22,0,622,622
DEL-571,S8,MAT8,2024-04-29,2024-05-10,11,3107,2491
DEL-572,S8,MAT8,2024-05-06,2024-05-06,0,4004,4004
DEL-573,S8,MAT8,2024-05-13,2024-05-13,0,1065,1065
DEL-574,S8,MAT8,2024-05-20,2024-05-20,0,4230,4230
DEL-575,S8,MAT8,2024-05-27,2024-05-27,0,2847,2847
DEL-576,S8,MAT8,2024-06-03,2024-06-03,0,4762,4762
DEL-577,S8,MAT8,2024-06-10,2024-06-10,0,4937,4937
DEL-578,S8,MAT8,2024-06-17,2024-06-27,10,4069,4046
DEL-579,S8,MAT8,2024-06-24,2024-06-24,0,4156,4156
DEL-580,S8,MAT8,2024-07-01,2024-07-01,0,4631,4631
DEL-581,S8,MAT8,2024-07-08,2024-07-08,0,1320,1320
DEL-582,S8,MAT8,2024-07-15,2024-07-18,3,583,540
DEL-583,S8,MAT8,2024-07-22,2024-07-31,9,2325,1986
DEL-584,S8,MAT8,2024-07-29,2024-07-29,0,2157,2157
DEL-585,S8,MAT8,2024-08-05,2024-08-05,0,1101,1101
DEL-586,S8,MAT8,2024-08-12,2024-08-12,0,4067,4067
DEL-587,S8,MAT8,2024-08-19,2024-08-19,0,680,680
DEL-588,S8,MAT8,2024-08-26,2024-08-30,4,3427,3394
DEL-589,S8,MAT8,2024-09-02,2024-09-15,13,1400,1041
DEL-590,S8,MAT8,2024-09-09,2024-09-11,2,4400,4139
DEL-591,S8,MAT8,2024-09-16,2024-09-16,0,2709,2709
DEL-592,S8,MAT8,2024-09-23,2024-09-23,0,2542,2542
DEL-593,S8,MAT8,2024-09-30,2024-09-30,0,4592,4592
DEL-594,S8,MAT8,2024-10-07,2024-10-13,6,506,374
DEL-595,S8,MAT8,2024-10-14,2024-10-14,0,2504,2504
DEL-596,S8,MAT8,2024-10-21,2024-10-21,0,3249,3249
DEL-597,S8,MAT8,2024-10-28,2024-10-28,0,1856,1856
DEL-598,S8,MAT8,2024-11-04,2024-11-04,0,1374,1374
DEL-599,S8,MAT8,2024-11-11,2024-11-11,0,3023,3023
DEL-600,S8,MAT8,2024-11-18,2024-11-26,8,2503,2102
DEL-601,S8,MAT8,2024-11-25,2024-11-25,0,1748,1748
DEL-602,S8,MAT8,2024-12-02,2024-12-02,0,954,954
DEL-603,S8,MAT8,2024-12-09,2024-12-15,6,2174,1659
DEL-604,S8,MAT8,2024-12-16,2024-12-16,0,1505,1505
DEL-605,S8,MAT8,2024-12-23,2025-01-11,19,1972,1480
DEL-606,S8,MAT8,2024-12-30,2024-12-30,0,3338,3338
DEL-607,S8,MAT8,2025-01-06,2025-01-13,7,4517,3855
DEL-608,S8,MAT8,2025-01-13,2025-01-13,0,958,958
DEL-609,S8,MAT8,2025-01-20,2025-01-20,0,1550,1550
DEL-610,S8,MAT8,2025-01-27,2025-02-03,7,1109,797
DEL-611,S8,MAT8,2025-02-03,2025-02-05,2,2579,2082
DEL-612,S8,MAT8,2025-02-10,2025-02-10,0,2742,2742
DEL-613,S8,MAT8,2025-02-17,2025-02-27,10,3671,2857
DEL-614,S8,MAT8,2025-02-24,2025-02-24,0,4289,4289
DEL-615,S8,MAT8,2025-03-03,2025-03-03,0,3563,3563
DEL-616,S8,MAT8,2025-03-10,2025-03-10,0,4883,4883
DEL-617,S8,MAT8,2025-03-17,2025-03-17,0,4011,4011
DEL-618,S8,MAT8,2025-03-24,2025-03-24,0,662,662
DEL-619,S8,MAT8,2025-03-31,2025-03-31,0,2749,2749
DEL-620,S8,MAT8,2025-04-07,2025-04-07,0,3336,3336
DEL-621,S8,MAT8,2025-04-14,2025-04-14,0,2439,2439
DEL-622,S8,MAT8,2025-04-21,2025-04-21,0,4585,4585
DEL-623,S8,MAT8,2025-04-28,2025-04-28,0,1977,1977
DEL-624,S8,MAT8,2025-05-05,2025-05-08,3,2931,2630
DEL-625,S8,MAT8,2025-05-12,2025-05-12,0,3043,3043
DEL-626,S8,MAT8,2025-05-19,2025-05-19,0,4511,4511
DEL-627,S8,MAT8,2025-05-26,2025-05-31,5,4411,3693
DEL-628,S8,MAT8,2025-06-02,2025-06-02,0,1362,1362
DEL-629,S8,MAT8,2025-06-09,2025-06-20,11,4582,3298
DEL-630,S8,MAT8,2025-06-16,2025-06-16,0,3520,3520
DEL-631,S8,MAT8,2025-06-23,2025-06-23,0,3227,3227
DEL-632,S8,MAT8,2025-06-30,2025-06-30,0,530,530
DEL-633,S9,MAT9,2024-01-01,2024-01-01,0,4916,4916
DEL-634,S9,MAT9,2024-01-08,2024-01-09,1,1051,970
DEL-635,S9,MAT9,2024-01-15,2024-01-15,0,824,824
DEL-636,S9,MAT9,2024-01-22,2024-02-03,12,3240,2654
DEL-637,S9,MAT9,2024-01-29,2024-01-29,0,3328,3328
DEL-638,S9,MAT9,2024-02-05,2024-02-05,0,2231,2231
DEL-639,S9,MAT9,2024-02-12,2024-02-26,14,4594,4108
DEL-640,S9,MAT9,2024-02-19,2024-02-19,0,886,886
DEL-641,S9,MAT9,2024-02-26,2024-02-26,0,2048,2048
DEL-642,S9,MAT9,2024-03-04,2024-03-04,0,1502,1502
DEL-643,S9,MAT9,2024-03-11,2024-03-11,0,4029,4029
DEL-644,S9,MAT9,2024-03-18,2024-03-18,0,2582,2582
DEL-645,S9,MAT9,2024-03-25,2024-03-25,0,2085,2085
DEL-646,S9,MAT9,2024-04-01,2024-04-01,0,3968,3968
DEL-647,S9,MAT9,2024-04-08,2024-04-08,0,738,738
DEL-648,S9,MAT9,2024-04-15,2024-04-19,4,3321,3071
DEL-649,S9,MAT9,2024-04-22,2024-05-02,10,2140,1736
DEL-650,S9,MAT9,2024-04-29,2024-05-03,4,1631,1249
DEL-651,S9,MAT9,2024-05-06,2024-05-09,3,2989,2214
DEL-652,S9,MAT9,2024-05-13,2024-05-14,1,3545,3209
DEL-653,S9,MAT9,2024-05-20,2024-05-20,0,3045,3045
DEL-654,S9,MAT9,2024-05-27,2024-05-27,0,2184,2184
DEL-655,S9,MAT9,2024-06-03,2024-06-03,0,4420,4420
DEL-656,S9,MAT9,2024-06-10,2024-06-10,0,2361,2361
DEL-657,S9,MAT9,2024-06-17,2024-06-21,4,4619,4374
DEL-658,S9,MAT9,2024-06-24,2024-06-24,0,1635,1635
DEL-659,S9,MAT9,2024-07-01,2024-07-01,0,2957,2957
DEL-660,S9,MAT9,2024-07-08,2024-07-08,0,3845,3845
DEL-661,S9,MAT9,2024-07-15,2024-07-15,0,2105,2105
DEL-662,S9,MAT9,2024-07-22,2024-07-22,0,4593,4593
DEL-663,S9,MAT9,2024-07-29,2024-07-29,0,4283,4283
DEL-664,S9,MAT9,2024-08-05,2024-08-05,0,2733,2733
DEL-665,S9,MAT9,2024-08-12,2024-08-15,3,4469,3241
DEL-666,S9,MAT9,2024-08-19,2024-08-24,5,1847,1608
DEL-667,S9,MAT9,2024-08-26,2024-08-26,0,4288,4288
DEL-668,S9,MAT9,2024-09-02,2024-09-02,0,3197,3197
DEL-669,S9,MAT9,2024-09-09,2024-09-17,8,1070,867
DEL-670,S9,MAT9,2024-09-16,2024-09-25,9,2352,1718
DEL-671,S9,MAT9,2024-09-23,2024-09-23,0,1419,1419
DEL-672,S9,MAT9,2024-09-30,2024-09-30,0,1309,1309
DEL-673,S9,MAT9,2024-10-07,2024-10-15,8,4684,4501
DEL-674,S9,MAT9,2024-10-14,2024-10-14,0,4721,4721
DEL-675,S9,MAT9,2024-10-21,2024-10-21,0,2555,2555
DEL-676,S9,MAT9,2024-10-28,2024-10-28,0,3105,3105
DEL-677,S9,MAT9,2024-11-04,2024-11-04,0,1184,1184
DEL-678,S9,MAT9,2024-11-11,2024-11-19,8,1460,1194
DEL-679,S9,MAT9,2024-11-18,2024-11-18,0,2110,2110
DEL-680,S9,MAT9,2024-11-25,2024-11-25,0,1527,1527
DEL-681,S9,MAT9,2024-12-02,2024-12-02,0,2790,2790
DEL-682,S9,MAT9,2024-12-09,2024-12-09,0,3735,3735
DEL-683,S9,MAT9,2024-12-16,2024-12-25,9,3384,3293
DEL-684,S9,MAT9,2024-12-23,2024-12-23,0,2832,2832
DEL-685,S9,MAT9,2024-12-30,2024-12-30,0,1285,1285
DEL-686,S9,MAT9,2025-01-06,2025-01-06,0,3410,3410
DEL-687,S9,MAT9,2025-01-13,2025-01-13,0,1947,1947
DEL-688,S9,MAT9,2025-01-20,2025-01-20,0,4314,4314
DEL-689,S9,MAT9,2025-01-27,2025-01-27,0,2004,2004
DEL-690,S9,MAT9,2025-02-03,2025-02-09,6,3117,2936
DEL-691,S9,MAT9,2025-02-10,2025-02-15,5,4680,3406
DEL-692,S9,MAT9,2025-02-17,2025-02-18,1,4209,2978
DEL-693,S9,MAT9,2025-02-24,2025-02-24,0,3980,3980
DEL-694,S9,MAT9,2025-03-03,2025-03-03,0,4423,4423
DEL-695,S9,MAT9,2025-03-10,2025-03-10,0,1580,1580
DEL-696,S9,MAT9,2025-03-17,2025-03-17,0,2999,2999
DEL-697,S9,MAT9,2025-03-24,2025-03-26,2,1865,1807
DEL-698,S9,MAT9,2025-03-31,2025-03-31,0,1357,1357
DEL-699,S9,MAT9,2025-04-07,2025-04-12,5,4442,3267
DEL-700,S9,MAT9,2025-04-14,2025-04-25,11,1888,1476
DEL-701,S9,MAT9,2025-04-21,2025-04-21,0,4823,4823
DEL-702,S9,MAT9,2025-04-28,2025-04-28,0,4913,4913
DEL-703,S9,MAT9,2025-05-05,2025-05-05,0,595,595
DEL-704,S9,MAT9,2025-05-12,2025-05-12,0,2338,2338
DEL-705,S9,MAT9,2025-05-19,2025-05-19,0,1370,1370
DEL-706,S9,MAT9,2025-05-26,2025-06-07,12,3644,3499
DEL-707,S9,MAT9,2025-06-02,2025-06-02,0,2388,2388
DEL-708,S9,MAT9,2025-06-09,2025-06-09,0,4418,4418
DEL-709,S9,MAT9,2025-06-16,2025-06-19,3,1744,1691
DEL-710,S9,MAT9,2025-06-23,2025-06-23,0,3871,3871
DEL-711,S9,MAT9,2025-06-30,2025-06-30,0,4482,4482
DEL-712,S10,MAT10,2024-01-01,2024-01-02,1,3570,2969
DEL-713,S10,MAT10,2024-01-08,2024-01-08,0,4888,4888
DEL-714,S10,MAT10,2024-01-15,2024-01-15,0,2181,2181
DEL-715,S10,MAT10,2024-01-22,2024-01-22,0,4013,4013
DEL-716,S10,MAT10,2024-01-29,2024-02-01,3,3965,3714
DEL-717,S10,MAT10,2024-02-05,2024-02-05,0,2368,2368
DEL-718,S10,MAT10,2024-02-12,2024-02-21,9,1143,1001
DEL-719,S10,MAT10,2024-02-19,2024-02-19,0,672,672
DEL-720,S10,MAT10,2024-02-26,2024-02-26,0,3710,3710
DEL-721,S10,MAT10,2024-03-04,2024-03-11,7,1313,1046
DEL-722,S10,MAT10,2024-03-11,2024-03-22,11,2827,2440
DEL-723,S10,MAT10,2024-03-18,2024-03-18,0,3198,3198
DEL-724,S10,MAT10,2024-03-25,2024-03-25,0,3734,3734
DEL-725,S10,MAT10,2024-04-01,2024-04-08,7,2692,2531
DEL-726,S10,MAT10,2024-04-08,2024-04-13,5,4617,4029
DEL-727,S10,MAT10,2024-04-15,2024-04-15,0,908,908
DEL-728,S10,MAT10,2024-04-22,2024-04-22,0,2736,2736
DEL-729,S10,MAT10,2024-04-29,2024-05-06,7,3552,2973
DEL-730,S10,MAT10,2024-05-06,2024-05-11,5,3587,2885
DEL-731,S10,MAT10,2024-05-13,2024-05-13,0,2417,2417
DEL-732,S10,MAT10,2024-05-20,2024-05-20,0,3141,3141
DEL-733,S10,MAT10,2024-05-27,2024-05-27,0,2204,2204
DEL-734,S10,MAT10,2024-06-03,2024-06-03,0,699,699
DEL-735,S10,MAT10,2024-06-10,2024-06-10,0,513,513
DEL-736,S10,MAT10,2024-06-17,2024-06-17,0,2143,2143
DEL-737,S10,MAT10,2024-06-24,2024-06-28,4,4430,3654
DEL-738,S10,MAT10,2024-07-01,2024-07-01,0,4071,4071
DEL-739,S10,MAT10,2024-07-08,2024-07-08,0,2346,2346
DEL-740,S10,MAT10,2024-07-15,2024-07-15,0,2321,2321
DEL-741,S10,MAT10,2024-07-22,2024-07-22,0,1804,1804
DEL-742,S10,MAT10,2024-07-29,2024-07-29,0,2148,2148
DEL-743,S10,MAT10,2024-08-05,2024-08-21,16,941,794
DEL-744,S10,MAT10,2024-08-12,2024-08-12,0,1422,1422
DEL-745,S10,MAT10,2024-08-19,2024-08-19,0,3587,3587
DEL-746,S10,MAT10,2024-08-26,2024-08-26,0,4046,4046
DEL-747,S10,MAT10,2024-09-02,2024-09-11,9,2263,2227
DEL-748,S10,MAT10,2024-09-09,2024-09-09,0,2863,2863
DEL-749,S10,MAT10,2024-09-16,2024-09-16,0,4920,4920
DEL-750,S10,MAT10,2024-09-23,2024-09-23,0,897,897
DEL-751,S10,MAT10,2024-09-30,2024-10-02,2,3571,3373
DEL-752,S10,MAT10,2024-10-07,2024-10-07,0,3606,3606
DEL-753,S10,MAT10,2024-10-14,2024-10-14,0,949,949
DEL-754,S10,MAT10,2024-10-21,2024-10-21,0,1324,1324
DEL-755,S10,MAT10,2024-10-28,2024-11-06,9,1905,1618
DEL-756,S10,MAT10,2024-11-04,2024-11-04,0,4417,4417
DEL-757,S10,MAT10,2024-11-11,2024-11-15,4,1742,1659
DEL-758,S10,MAT10,2024-11-18,2024-11-22,4,4213,3558
DEL-759,S10,MAT10,2024-11-25,2024-11-29,4,863,814
DEL-760,S10,MAT10,2024-12-02,2024-12-11,9,1042,891
DEL-761,S10,MAT10,2024-12-09,2024-12-16,7,2206,2089
DEL-762,S10,MAT10,2024-12-16,2024-12-26,10,681,655
DEL-763,S10,MAT10,2024-12-23,2024-12-31,8,4467,4234
DEL-764,S10,MAT10,2024-12-30,2024-12-30,0,1727,1727
DEL-765,S10,MAT10,2025-01-06,2025-01-06,0,4425,4425
DEL-766,S10,MAT10,2025-01-13,2025-01-13,0,4757,4757
DEL-767,S10,MAT10,2025-01-20,2025-01-20,0,3588,3588
DEL-768,S10,MAT10,2025-01-27,2025-01-27,0,922,922
DEL-769,S10,MAT10,2025-02-03,2025-02-03,0,1817,1817
DEL-770,S10,MAT10,2025-02-10,2025-02-10,0,4285,4285
DEL-771,S10,MAT10,2025-02-17,2025-02-20,3,1217,933
DEL-772,S10,MAT10,2025-02-24,2025-02-24,0,1849,1849
DEL-773,S10,MAT10,2025-03-03,2025-03-03,0,1504,1504
DEL-774,S10,MAT10,2025-03-10,2025-03-10,0,3599,3599
DEL-775,S10,MAT10,2025-03-17,2025-03-17,0,4824,4824
DEL-776,S10,MAT10,2025-03-24,2025-03-24,0,1595,1595
DEL-777,S10,MAT10,2025-03-31,2025-04-07,7,1499,1255
DEL-778,S10,MAT10,2025-04-07,2025-04-07,0,2729,2729
DEL-779,S10,MAT10,2025-04-14,2025-04-14,0,4881,4881
DEL-780,S10,MAT10,2025-04-21,2025-04-21,0,2696,2696
DEL-781,S10,MAT10,2025-04-28,2025-04-28,0,4941,4941
DEL-782,S10,MAT10,2025-05-05,2025-05-05,0,582,582
DEL-783,S10,MAT10,2025-05-12,2025-05-13,1,1833,1827
DEL-784,S10,MAT10,2025-05-19,2025-05-19,0,4897,4897
DEL-785,S10,MAT10,2025-05-26,2025-05-26,0,3331,3331
DEL-786,S10,MAT10,2025-06-02,2025-06-02,0,1934,1934
DEL-787,S10,MAT10,2025-06-09,2025-06-09,0,3271,3271
DEL-788,S10,MAT10,2025-06-16,2025-06-19,3,3540,3459
DEL-789,S10,MAT10,2025-06-23,2025-07-28,35,995,941
DEL-790,S10,MAT10,2025-06-30,2025-06-30,0,4953,4953
DEL-791,S11,MAT11,2024-01-01,2024-01-01,0,505,505
DEL-792,S11,MAT11,2024-01-08,2024-01-08,0,1605,1605
DEL-793,S11,MAT11,2024-01-15,2024-01-15,0,4829,4829
DEL-794,S11,MAT11,2024-01-22,2024-02-02,11,1016,781
DEL-795,S11,MAT11,2024-01-29,2024-01-29,0,614,614
DEL-796,S11,MAT11,2024-02-05,2024-02-05,0,4546,4546
DEL-797,S11,MAT11,2024-02-12,2024-02-14,2,4730,3406
DEL-798,S11,MAT11,2024-02-19,2024-02-25,6,4847,4006
DEL-799,S11,MAT11,2024-02-26,2024-03-07,10,3040,2949
DEL-800,S11,MAT11,2024-03-04,2024-03-04,0,3461,3461
DEL-801,S11,MAT11,2024-03-11,2024-03-16,5,1491,1089
DEL-802,S11,MAT11,2024-03-18,2024-03-18,0,2072,2072
DEL-803,S11,MAT11,2024-03-25,2024-03-27,2,1302,1226
DEL-804,S11,MAT11,2024-04-01,2024-04-01,0,1914,1914
DEL-805,S11,MAT11,2024-04-08,2024-04-08,0,630,630
DEL-806,S11,MAT11,2024-04-15,2024-04-15,0,2824,2824
DEL-807,S11,MAT11,2024-04-22,2024-04-22,0,1130,1130
DEL-808,S11,MAT11,2024-04-29,2024-04-29,0,3348,3348
DEL-809,S11,MAT11,2024-05-06,2024-05-06,0,1842,1842
DEL-810,S11,MAT11,2024-05-13,2024-05-26,13,2542,1895
DEL-811,S11,MAT11,2024-05-20,2024-05-20,0,569,569
DEL-812,S11,MAT11,2024-05-27,2024-05-27,0,3258,3258
DEL-813,S11,MAT11,2024-06-03,2024-06-09,6,4428,3577
DEL-814,S11,MAT11,2024-06-10,2024-06-10,0,1140,1140
DEL-815,S11,MAT11,2024-06-17,2024-06-17,0,3632,3632
DEL-816,S11,MAT11,2024-06-24,2024-06-24,0,3309,3309
DEL-817,S11,MAT11,2024-07-01,2024-07-01,0,1197,1197
DEL-818,S11,MAT11,2024-07-08,2024-07-08,0,3306,3306
DEL-819,S11,MAT11,2024-07-15,2024-07-15,0,3520,3520
DEL-820,S11,MAT11,2024-07-22,2024-07-23,1,4352,3194
DEL-821,S11,MAT11,2024-07-29,2024-07-29,0,1946,1946
DEL-822,S11,MAT11,2024-08-05,2024-08-05,0,2606,2606
DEL-823,S11,MAT11,2024-08-12,2024-08-17,5,4832,4649
DEL-824,S11,MAT11,2024-08-19,2024-08-27,8,4795,4265
DEL-825,S11,MAT11,2024-08-26,2024-08-26,0,1747,1747
DEL-826,S11,MAT11,2024-09-02,2024-09-08,6,2484,2130
DEL-827,S11,MAT11,2024-09-09,2024-09-13,4,1955,1623
DEL-828,S11,MAT11,2024-09-16,2024-09-18,2,3260,2548
DEL-829,S11,MAT11,2024-09-23,2024-09-23,0,4087,4087
DEL-830,S11,MAT11,2024-09-30,2024-09-30,0,641,641
DEL-831,S11,MAT11,2024-10-07,2024-10-10,3,3551,3055
DEL-832,S11,MAT11,2024-10-14,2024-10-25,11,3740,3512
DEL-833,S11,MAT11,2024-10-21,2024-10-21,0,3453,3453
DEL-834,S11,MAT11,2024-10-28,2024-10-28,0,1070,1070
DEL-835,S11,MAT11,2024-11-04,2024-11-04,0,4835,4835
DEL-836,S11,MAT11,2024-11-11,2024-11-11,0,4362,4362
DEL-837,S11,MAT11,2024-11-18,2024-11-18,0,1027,1027
DEL-838,S11,MAT11,2024-11-25,2024-11-25,0,634,634
DEL-839,S11,MAT11,2024-12-02,2024-12-14,12,1757,1414
DEL-840,S11,MAT11,2024-12-09,2024-12-09,0,1192,1192
DEL-841,S11,MAT11,2024-12-16,2024-12-16,0,1885,1885
DEL-842,S11,MAT11,2024-12-23,2024-12-23,0,1527,1527
DEL-843,S11,MAT11,2024-12-30,2024-12-30,0,3129,3129
DEL-844,S11,MAT11,2025-01-06,2025-01-06,0,1800,1800
DEL-845,S11,MAT11,2025-01-13,2025-01-13,0,2395,2395
DEL-846,S11,MAT11,2025-01-20,2025-01-31,11,3539,2882
DEL-847,S11,MAT11,2025-01-27,2025-01-27,0,806,806
DEL-848,S11,MAT11,2025-02-03,2025-02-17,14,2255,1963
DEL-849,S11,MAT11,2025-02-10,2025-02-16,6,1428,1179
DEL-850,S11,MAT11,2025-02-17,2025-02-19,2,1586,1218
DEL-851,S11,MAT11,2025-02-24,2025-02-24,0,3192,3192
DEL-852,S11,MAT11,2025-03-03,2025-03-03,0,4790,4790
DEL-853,S11,MAT11,2025-03-10,2025-03-10,0,3649,3649
DEL-854,S11,MAT11,2025-03-17,2025-03-17,0,4922,4922
DEL-855,S11,MAT11,2025-03-24,2025-03-24,0,2707,2707
DEL-856,S11,MAT11,2025-03-31,2025-03-31,0,2263,2263
DEL-857,S11,MAT11,2025-04-07,2025-04-07,0,3385,3385
DEL-858,S11,MAT11,2025-04-14,2025-04-14,0,4335,4335
DEL-859,S11,MAT11,2025-04-21,2025-04-21,0,4336,4336
DEL-860,S11,MAT11,2025-04-28,2025-04-28,0,4784,4784
DEL-861,S11,MAT11,2025-05-05,2025-05-05,0,2757,2757
DEL-862,S11,MAT11,2025-05-12,2025-05-15,3,4069,3521
DEL-863,S11,MAT11,2025-05-19,2025-05-19,0,4701,4701
DEL-864,S11,MAT11,2025-05-26,2025-05-28,2,4147,3362
DEL-865,S11,MAT11,2025-06-02,2025-06-02,0,2736,2736
DEL-866,S11,MAT11,2025-06-09,2025-06-09,0,3251,3251
DEL-867,S11,MAT11,2025-06-16,2025-06-16,0,4223,4223
DEL-868,S11,MAT11,2025-06-23,2025-06-23,0,3551,3551
DEL-869,S11,MAT11,2025-06-30,2025-07-10,10,3735,3662
DEL-870,S12,MAT12,2024-01-01,2024-01-09,8,2704,2366
DEL-871,S12,MAT12,2024-01-08,2024-01-08,0,4872,4872
DEL-872,S12,MAT12,2024-01-15,2024-01-25,10,1140,1077
DEL-873,S12,MAT12,2024-01-22,2024-01-25,3,4001,3750
DEL-874,S12,MAT12,2024-01-29,2024-02-04,6,1380,1135
DEL-875,S12,MAT12,2024-02-05,2024-02-05,0,1898,1898
DEL-876,S12,MAT12,2024-02-12,2024-02-12,0,1477,1477
DEL-877,S12,MAT12,2024-02-19,2024-02-19,0,2726,2726
DEL-878,S12,MAT12,2024-02-26,2024-02-26,0,2325,2325
DEL-879,S12,MAT12,2024-03-04,2024-03-06,2,1576,1162
DEL-880,S12,MAT12,2024-03-11,2024-03-11,0,3208,3208
DEL-881,S12,MAT12,2024-03-18,2024-03-28,10,4751,3381
DEL-882,S12,MAT12,2024-03-25,2024-03-25,0,1067,1067
DEL-883,S12,MAT12,2024-04-01,2024-04-01,0,1645,1645
DEL-884,S12,MAT12,2024-04-08,2024-04-18,10,2342,1988
DEL-885,S12,MAT12,2024-04-15,2024-04-15,0,2606,2606
DEL-886,S12,MAT12,2024-04-22,2024-04-24,2,3449,2941
DEL-887,S12,MAT12,2024-04-29,2024-04-29,0,3488,3488
DEL-888,S12,MAT12,2024-05-06,2024-05-13,7,4222,3578
DEL-889,S12,MAT12,2024-05-13,2024-05-13,0,3598,3598
DEL-890,S12,MAT12,2024-05-20,2024-05-28,8,4446,3519
DEL-891,S12,MAT12,2024-05-27,2024-05-27,0,3570,3570
DEL-892,S12,MAT12,2024-06-03,2024-06-03,0,1254,1254
DEL-893,S12,MAT12,2024-06-10,2024-06-24,14,4782,3389
DEL-894,S12,MAT12,2024-06-17,2024-06-28,11,3314,2599
DEL-895,S12,MAT12,2024-06-24,2024-06-24,0,2961,2961
DEL-896,S12,MAT12,2024-07-01,2024-07-01,0,2598,2598
DEL-897,S12,MAT12,2024-07-08,2024-07-11,3,3659,3351
DEL-898,S12,MAT12,2024-07-15,2024-07-17,2,1795,1438
DEL-899,S12,MAT12,2024-07-22,2024-07-22,0,3255,3255
DEL-900,S12,MAT12,2024-07-29,2024-07-29,0,3540,3540
DEL-901,S12,MAT12,2024-08-05,2024-08-05,0,3964,3964
DEL-902,S12,MAT12,2024-08-12,2024-08-14,2,4219,3602
DEL-903,S12,MAT12,2024-08-19,2024-08-25,6,1075,919
DEL-904,S12,MAT12,2024-08-26,2024-08-26,0,4982,4982
DEL-905,S12,MAT12,2024-09-02,2024-09-10,8,3831,3503
DEL-906,S12,MAT12,2024-09-09,2024-09-09,0,3901,3901
DEL-907,S12,MAT12,2024-09-16,2024-09-24,8,645,627
DEL-908,S12,MAT12,2024-09-23,2024-09-23,0,3442,3442
DEL-909,S12,MAT12,2024-09-30,2024-09-30,0,3971,3971
DEL-910,S12,MAT12,2024-10-07,2024-10-13,6,2640,2145
DEL-911,S12,MAT12,2024-10-14,2024-10-14,0,1930,1930
DEL-912,S12,MAT12,2024-10-21,2024-10-21,0,589,589
DEL-913,S12,MAT12,2024-10-28,2024-10-28,0,3748,3748
DEL-914,S12,MAT12,2024-11-04,2024-11-04,0,1589,1589
DEL-915,S12,MAT12,2024-11-11,2024-11-11,0,4781,4781
DEL-916,S12,MAT12,2024-11-18,2024-11-18,0,3147,3147
DEL-917,S12,MAT12,2024-11-25,2024-11-25,0,4466,4466
DEL-918,S12,MAT12,2024-12-02,2024-12-02,0,3096,3096
DEL-919,S12,MAT12,2024-12-09,2024-12-11,2,812,716
DEL-920,S12,MAT12,2024-12-16,2024-12-16,0,3043,3043
DEL-921,S12,MAT12,2024-12-23,2024-12-25,2,1544,1414
DEL-922,S12,MAT12,2024-12-30,2024-12-30,0,4693,4693
DEL-923,S12,MAT12,2025-01-06,2025-01-06,0,830,830
DEL-924,S12,MAT12,2025-01-13,2025-01-13,0,2693,2693
DEL-925,S12,MAT12,2025-01-20,2025-01-20,0,3934,3934
DEL-926,S12,MAT12,2025-01-27,2025-01-27,0,1535,1535
DEL-927,S12,MAT12,2025-02-03,2025-02-16,13,3109,2260
DEL-928,S12,MAT12,2025-02-10,2025-02-10,0,4811,4811
DEL-929,S12,MAT12,2025-02-17,2025-02-17,0,3688,3688
DEL-930,S12,MAT12,2025-02-24,2025-02-25,1,2435,1949
DEL-931,S12,MAT12,2025-03-03,2025-03-03,0,3297,3297
DEL-932,S12,MAT12,2025-03-10,2025-03-10,0,561,561
DEL-933,S12,MAT12,2025-03-17,2025-03-17,0,2227,2227
DEL-934,S12,MAT12,2025-03-24,2025-03-24,0,4960,4960
DEL-935,S12,MAT12,2025-03-31,2025-03-31,0,2355,2355
DEL-936,S12,MAT12,2025-04-07,2025-04-09,2,607,591
DEL-937,S12,MAT12,2025-04-14,2025-04-14,0,4375,4375
DEL-938,S12,MAT12,2025-04-21,2025-04-21,0,3084,3084
DEL-939,S12,MAT12,2025-04-28,2025-04-28,0,861,861
DEL-940,S12,MAT12,2025-05-05,2025-05-05,0,2461,2461
DEL-941,S12,MAT12,2025-05-12,2025-05-12,0,1234,1234
DEL-942,S12,MAT12,2025-05-19,2025-05-19,0,3257,3257
DEL-943,S12,MAT12,2025-05-26,2025-06-03,8,2089,1608
DEL-944,S12,MAT12,2025-06-02,2025-06-02,0,3297,3297
DEL-945,S12,MAT12,2025-06-09,2025-06-09,0,1818,1818
DEL-946,S12,MAT12,2025-06-16,2025-06-16,0,1881,1881
DEL-947,S12,MAT12,2025-06-23,2025-06-23,0,2213,2213
DEL-948,S12,MAT12,2025-06-30,2025-06-30,0,1107,1107
